"seller","day_of_week","income"
Ann Dull,Friday   ,33086.0
Dirk Stringer,Saturday ,17511.0
Cheryl Carson,Tuesday  ,9186.0
Michael O'Leary,Saturday ,25394.0
Ann Dull,Sunday   ,35300.0
Livia Karsen,Saturday ,11969.0
Meander Smith,Friday   ,13700.0
Ann Dull,Wednesday,39844.0
Ann Dull,Wednesday,34960.0
Michael O'Leary,Sunday   ,26147.0
Burt Gringlesby,Wednesday,23050.0
Albert Ringer,Friday   ,29792.0
Michael O'Leary,Monday   ,16742.0
Dean Straight,Tuesday  ,19645.0
Dirk Stringer,Friday   ,16917.0
Sheryl Hunter,Friday   ,18883.0
Reginald Blotchet-Halls,Thursday ,21221.0
Heather McBadden,Wednesday,26888.0
Ann Dull,Tuesday  ,36106.0
Heather McBadden,Thursday ,18136.0
Meander Smith,Monday   ,9653.0
Burt Gringlesby,Monday   ,21933.0
Burt Gringlesby,Tuesday  ,15679.0
Stearns MacFeather,Wednesday,16952.0
Heather McBadden,Monday   ,14211.0
Marjorie Green,Thursday ,29567.0
Dirk Stringer,Tuesday  ,21453.0
Ann Dull,Sunday   ,34880.0
Anne Ringer,Monday   ,9062.0
Abraham Bennet,Monday   ,42297.0
Heather McBadden,Friday   ,17266.0
Sylvia Panteley,Friday   ,19668.0
Reginald Blotchet-Halls,Thursday ,17200.0
Abraham Bennet,Tuesday  ,55420.0
Michel DeFrance,Wednesday,30967.0
Burt Gringlesby,Saturday ,19850.0
Marjorie Green,Wednesday,24151.0
Abraham Bennet,Friday   ,40492.0
Heather McBadden,Tuesday  ,19873.0
Innes del Castillo,Wednesday,23634.0
Sheryl Hunter,Sunday   ,18495.0
Cheryl Carson,Sunday   ,12677.0
Reginald Blotchet-Halls,Wednesday,16797.0
Innes del Castillo,Tuesday  ,28576.0
Anne Ringer,Saturday ,11590.0
Reginald Blotchet-Halls,Friday   ,15534.0
Marjorie Green,Wednesday,24606.0
Sylvia Panteley,Monday   ,19880.0
Charlene Locksley,Wednesday,28671.0
Burt Gringlesby,Friday   ,23465.0
Michel DeFrance,Sunday   ,25446.0
Meander Smith,Wednesday,12780.0
Stearns MacFeather,Friday   ,16522.0
Charlene Locksley,Friday   ,25117.0
Sheryl Hunter,Wednesday,21414.0
Sylvia Panteley,Friday   ,18863.0
Sylvia Panteley,Friday   ,21642.0
Sylvia Panteley,Wednesday,21552.0
Burt Gringlesby,Monday   ,24461.0
Ann Dull,Tuesday  ,27949.0
Stearns MacFeather,Tuesday  ,15654.0
Johnson White,Friday   ,31043.0
Stearns MacFeather,Thursday ,17369.0
Marjorie Green,Thursday ,27560.0
Sheryl Hunter,Sunday   ,15606.0
Marjorie Green,Friday   ,33985.0
Albert Ringer,Tuesday  ,34378.0
Morningstar Greene,Wednesday,18271.0
Burt Gringlesby,Tuesday  ,20306.0
Johnson White,Monday   ,34311.0
Marjorie Green,Saturday ,33455.0
Sylvia Panteley,Sunday   ,25033.0
Abraham Bennet,Saturday ,44432.0
Livia Karsen,Friday   ,14383.0
Innes del Castillo,Wednesday,17481.0
Albert Ringer,Sunday   ,30612.0
Albert Ringer,Sunday   ,30332.0
Burt Gringlesby,Wednesday,20171.0
Innes del Castillo,Tuesday  ,25243.0
Abraham Bennet,Thursday ,52218.0
Anne Ringer,Monday   ,8796.0
Johnson White,Wednesday,25718.0
Charlene Locksley,Monday   ,27498.0
Morningstar Greene,Thursday ,16278.0
Marjorie Green,Thursday ,20908.0
Livia Karsen,Wednesday,13133.0
Johnson White,Wednesday,25945.0
Albert Ringer,Monday   ,40535.0
Morningstar Greene,Friday   ,14837.0
Burt Gringlesby,Sunday   ,18121.0
Dirk Stringer,Thursday ,16689.0
Reginald Blotchet-Halls,Sunday   ,19523.0
Marjorie Green,Saturday ,26851.0
Burt Gringlesby,Tuesday  ,22904.0
Sylvia Panteley,Tuesday  ,24976.0
Reginald Blotchet-Halls,Sunday   ,20134.0
Reginald Blotchet-Halls,Thursday ,22421.0
Sheryl Hunter,Wednesday,16382.0
Burt Gringlesby,Sunday   ,21666.0
Charlene Locksley,Saturday ,20560.0
Dean Straight,Saturday ,20387.0
Stearns MacFeather,Sunday   ,11179.0
Ann Dull,Tuesday  ,36703.0
Dean Straight,Friday   ,21813.0
Charlene Locksley,Saturday ,27707.0
Meander Smith,Thursday ,10653.0
Morningstar Greene,Monday   ,14951.0
Dean Straight,Tuesday  ,18432.0
Morningstar Greene,Thursday ,15797.0
Meander Smith,Tuesday  ,10887.0
Heather McBadden,Sunday   ,22010.0
Ann Dull,Friday   ,34300.0
Albert Ringer,Sunday   ,30504.0
Reginald Blotchet-Halls,Sunday   ,19879.0
Reginald Blotchet-Halls,Tuesday  ,23184.0
Johnson White,Friday   ,20919.0
Charlene Locksley,Tuesday  ,22815.0
Morningstar Greene,Wednesday,13806.0
Marjorie Green,Thursday ,30367.0
Meander Smith,Saturday ,11780.0
Michel DeFrance,Thursday ,23206.0
Dirk Stringer,Saturday ,17601.0
Dirk Stringer,Saturday ,18573.0
Innes del Castillo,Friday   ,18958.0
Sheryl Hunter,Friday   ,17920.0
Sylvia Panteley,Tuesday  ,15356.0
Albert Ringer,Saturday ,34810.0
Reginald Blotchet-Halls,Tuesday  ,20909.0
Michael O'Leary,Wednesday,21003.0
Anne Ringer,Sunday   ,10511.0
Burt Gringlesby,Tuesday  ,24402.0
Dean Straight,Tuesday  ,22051.0
Dirk Stringer,Friday   ,24291.0
Michel DeFrance,Monday   ,25772.0
Morningstar Greene,Thursday ,19154.0
Heather McBadden,Friday   ,19389.0
Morningstar Greene,Saturday ,16342.0
Marjorie Green,Tuesday  ,30366.0
Reginald Blotchet-Halls,Saturday ,15022.0
Michael O'Leary,Friday   ,22696.0
Meander Smith,Friday   ,11458.0
Michel DeFrance,Saturday ,30821.0
Livia Karsen,Thursday ,14867.0
Burt Gringlesby,Friday   ,17257.0
Dean Straight,Sunday   ,19766.0
Ann Dull,Saturday ,31233.0
Reginald Blotchet-Halls,Monday   ,17094.0
Michel DeFrance,Thursday ,29905.0
Abraham Bennet,Thursday ,49729.0
Sheryl Hunter,Friday   ,22033.0
Meander Smith,Tuesday  ,11347.0
Meander Smith,Wednesday,11132.0
Johnson White,Tuesday  ,29554.0
Johnson White,Friday   ,32515.0
Ann Dull,Wednesday,38182.0
Abraham Bennet,Monday   ,59756.0
Albert Ringer,Sunday   ,34252.0
Meander Smith,Wednesday,8887.0
Cheryl Carson,Friday   ,19581.0
Sylvia Panteley,Saturday ,16014.0
Michael O'Leary,Monday   ,22276.0
Morningstar Greene,Friday   ,14252.0
Dirk Stringer,Sunday   ,18426.0
Innes del Castillo,Friday   ,22341.0
Albert Ringer,Friday   ,38942.0
Morningstar Greene,Monday   ,18314.0
Burt Gringlesby,Friday   ,28513.0
Reginald Blotchet-Halls,Saturday ,20303.0
Albert Ringer,Friday   ,34010.0
Albert Ringer,Tuesday  ,28227.0
Anne Ringer,Wednesday,12137.0
Charlene Locksley,Thursday ,21929.0
Morningstar Greene,Tuesday  ,14115.0
Innes del Castillo,Monday   ,21009.0
Sheryl Hunter,Wednesday,16346.0
Sheryl Hunter,Friday   ,18877.0
Charlene Locksley,Wednesday,24840.0
Anne Ringer,Wednesday,8249.0
Cheryl Carson,Wednesday,11046.0
Morningstar Greene,Friday   ,12449.0
Heather McBadden,Friday   ,18113.0
Livia Karsen,Wednesday,14063.0
Stearns MacFeather,Sunday   ,17454.0
Anne Ringer,Monday   ,9402.0
Morningstar Greene,Friday   ,21133.0
Marjorie Green,Monday   ,31210.0
Innes del Castillo,Wednesday,28402.0
Albert Ringer,Saturday ,28153.0
Michel DeFrance,Tuesday  ,26523.0
Livia Karsen,Friday   ,11766.0
Sheryl Hunter,Wednesday,20277.0
Anne Ringer,Tuesday  ,11590.0
Abraham Bennet,Friday   ,44363.0
Heather McBadden,Friday   ,20668.0
Michael O'Leary,Friday   ,21980.0
Marjorie Green,Friday   ,24351.0
Marjorie Green,Tuesday  ,30801.0
Cheryl Carson,Wednesday,14066.0
Michel DeFrance,Saturday ,29199.0
Sheryl Hunter,Monday   ,20980.0
Johnson White,Saturday ,37867.0
Sheryl Hunter,Thursday ,21181.0
Cheryl Carson,Sunday   ,12614.0
Dean Straight,Monday   ,26676.0
Michel DeFrance,Tuesday  ,19437.0
Sheryl Hunter,Wednesday,19363.0
Heather McBadden,Saturday ,20483.0
Ann Dull,Tuesday  ,37094.0
Stearns MacFeather,Tuesday  ,16130.0
Cheryl Carson,Monday   ,11087.0
Anne Ringer,Saturday ,4228.0
Burt Gringlesby,Monday   ,18687.0
Burt Gringlesby,Friday   ,22089.0
Innes del Castillo,Sunday   ,25575.0
Dean Straight,Thursday ,21902.0
Morningstar Greene,Friday   ,13929.0
Stearns MacFeather,Tuesday  ,16953.0
Morningstar Greene,Sunday   ,14822.0
Johnson White,Thursday ,29114.0
Morningstar Greene,Sunday   ,12484.0
Stearns MacFeather,Thursday ,10989.0
Abraham Bennet,Sunday   ,45959.0
Dean Straight,Sunday   ,17831.0
Sylvia Panteley,Monday   ,21485.0
Reginald Blotchet-Halls,Sunday   ,17015.0
Michael O'Leary,Thursday ,18773.0
Dirk Stringer,Thursday ,16311.0
Dean Straight,Friday   ,20681.0
Anne Ringer,Wednesday,9210.0
Dirk Stringer,Tuesday  ,19080.0
Livia Karsen,Friday   ,8731.0
Meander Smith,Wednesday,9887.0
Michel DeFrance,Thursday ,30997.0
Albert Ringer,Thursday ,42501.0
Cheryl Carson,Thursday ,15590.0
Marjorie Green,Sunday   ,29867.0
Morningstar Greene,Monday   ,14083.0
Johnson White,Saturday ,30632.0
Michel DeFrance,Saturday ,32393.0
Burt Gringlesby,Saturday ,18177.0
Michel DeFrance,Thursday ,29138.0
Livia Karsen,Sunday   ,9615.0
Reginald Blotchet-Halls,Saturday ,21006.0
Livia Karsen,Friday   ,11648.0
Charlene Locksley,Thursday ,25772.0
Albert Ringer,Saturday ,29078.0
Ann Dull,Wednesday,37825.0
Johnson White,Wednesday,29877.0
Abraham Bennet,Thursday ,41906.0
Dirk Stringer,Tuesday  ,16554.0
Reginald Blotchet-Halls,Friday   ,18779.0
Marjorie Green,Thursday ,29099.0
Ann Dull,Monday   ,36422.0
Sylvia Panteley,Thursday ,17040.0
Michael O'Leary,Wednesday,21200.0
Dirk Stringer,Thursday ,19686.0
Marjorie Green,Sunday   ,37600.0
Albert Ringer,Sunday   ,30705.0
Dirk Stringer,Monday   ,16233.0
Livia Karsen,Saturday ,13453.0
Heather McBadden,Wednesday,15882.0
Marjorie Green,Thursday ,34151.0
Meander Smith,Saturday ,10546.0
Michael O'Leary,Thursday ,24328.0
Albert Ringer,Thursday ,41442.0
Stearns MacFeather,Monday   ,23970.0
Michel DeFrance,Sunday   ,32987.0
Charlene Locksley,Wednesday,21929.0
Burt Gringlesby,Saturday ,21625.0
Charlene Locksley,Saturday ,15828.0
Burt Gringlesby,Thursday ,25376.0
Ann Dull,Friday   ,30906.0
Livia Karsen,Wednesday,14546.0
Innes del Castillo,Sunday   ,24707.0
Dean Straight,Monday   ,17708.0
Marjorie Green,Thursday ,35715.0
Sylvia Panteley,Monday   ,15221.0
Michel DeFrance,Wednesday,27634.0
Marjorie Green,Tuesday  ,26672.0
Michael O'Leary,Friday   ,20187.0
Dirk Stringer,Wednesday,18876.0
Michel DeFrance,Thursday ,24418.0
Sylvia Panteley,Tuesday  ,19618.0
Reginald Blotchet-Halls,Thursday ,16674.0
Marjorie Green,Saturday ,32174.0
Heather McBadden,Sunday   ,10083.0
Meander Smith,Saturday ,11040.0
Morningstar Greene,Wednesday,18757.0
Meander Smith,Saturday ,11094.0
Charlene Locksley,Friday   ,30366.0
Sheryl Hunter,Thursday ,18834.0
Ann Dull,Saturday ,41420.0
Cheryl Carson,Saturday ,14774.0
Albert Ringer,Friday   ,32332.0
Heather McBadden,Saturday ,20046.0
Anne Ringer,Wednesday,9136.0
Michael O'Leary,Thursday ,17455.0
Dean Straight,Sunday   ,19292.0
Abraham Bennet,Saturday ,49968.0
Reginald Blotchet-Halls,Thursday ,16220.0
Sylvia Panteley,Wednesday,18241.0
Reginald Blotchet-Halls,Saturday ,26054.0
Johnson White,Wednesday,30630.0
Dirk Stringer,Wednesday,11265.0
Ann Dull,Sunday   ,31940.0
Albert Ringer,Saturday ,29189.0
Johnson White,Wednesday,40670.0
Innes del Castillo,Tuesday  ,27862.0
Livia Karsen,Thursday ,13661.0
Abraham Bennet,Friday   ,47708.0
Reginald Blotchet-Halls,Tuesday  ,16971.0
Reginald Blotchet-Halls,Friday   ,25166.0
Stearns MacFeather,Sunday   ,16456.0
Reginald Blotchet-Halls,Thursday ,26899.0
Albert Ringer,Friday   ,28860.0
Sylvia Panteley,Saturday ,19311.0
Ann Dull,Thursday ,34144.0
Cheryl Carson,Thursday ,13017.0
Cheryl Carson,Monday   ,15901.0
Michael O'Leary,Monday   ,17979.0
Johnson White,Saturday ,31998.0
Sylvia Panteley,Tuesday  ,21174.0
Ann Dull,Wednesday,38273.0
Sheryl Hunter,Saturday ,13233.0
Morningstar Greene,Sunday   ,15794.0
Stearns MacFeather,Thursday ,15483.0
Johnson White,Thursday ,27533.0
Anne Ringer,Friday   ,14532.0
Sheryl Hunter,Saturday ,21148.0
Innes del Castillo,Monday   ,21776.0
Reginald Blotchet-Halls,Monday   ,24246.0
Marjorie Green,Friday   ,26681.0
Sylvia Panteley,Sunday   ,19192.0
Livia Karsen,Monday   ,10109.0
Michael O'Leary,Monday   ,18129.0
Innes del Castillo,Monday   ,26733.0
Sheryl Hunter,Friday   ,17131.0
Burt Gringlesby,Tuesday  ,23142.0
Dean Straight,Sunday   ,22194.0
Albert Ringer,Saturday ,25974.0
Sylvia Panteley,Friday   ,12707.0
Marjorie Green,Wednesday,33094.0
Anne Ringer,Sunday   ,13571.0
Anne Ringer,Sunday   ,9949.0
Stearns MacFeather,Thursday ,15933.0
Johnson White,Saturday ,28612.0
Ann Dull,Monday   ,38694.0
Dirk Stringer,Saturday ,18672.0
Stearns MacFeather,Friday   ,21014.0
Michael O'Leary,Sunday   ,18758.0
Albert Ringer,Wednesday,42564.0
Michel DeFrance,Monday   ,25031.0
Anne Ringer,Saturday ,7850.0
Cheryl Carson,Friday   ,18567.0
Heather McBadden,Wednesday,16651.0
Meander Smith,Friday   ,7687.0
Sheryl Hunter,Thursday ,19577.0
Morningstar Greene,Tuesday  ,23727.0
Stearns MacFeather,Monday   ,13548.0
Sylvia Panteley,Wednesday,20526.0
Morningstar Greene,Tuesday  ,11102.0
Dean Straight,Sunday   ,19582.0
Michael O'Leary,Saturday ,21817.0
Albert Ringer,Wednesday,33981.0
Dean Straight,Friday   ,21503.0
Reginald Blotchet-Halls,Thursday ,22703.0
Reginald Blotchet-Halls,Monday   ,24183.0
Innes del Castillo,Saturday ,30906.0
Marjorie Green,Tuesday  ,33108.0
Johnson White,Thursday ,28401.0
Heather McBadden,Tuesday  ,19222.0
Burt Gringlesby,Wednesday,24485.0
Meander Smith,Monday   ,9021.0
Burt Gringlesby,Saturday ,23873.0
Stearns MacFeather,Friday   ,13522.0
Stearns MacFeather,Tuesday  ,24675.0
Dean Straight,Wednesday,22661.0
Heather McBadden,Tuesday  ,20713.0
Johnson White,Wednesday,40214.0
Heather McBadden,Saturday ,20216.0
Dirk Stringer,Sunday   ,17172.0
Stearns MacFeather,Friday   ,20709.0
Michel DeFrance,Monday   ,25169.0
Cheryl Carson,Tuesday  ,15170.0
Cheryl Carson,Tuesday  ,14187.0
Albert Ringer,Saturday ,28164.0
Morningstar Greene,Wednesday,14418.0
Livia Karsen,Thursday ,10373.0
Charlene Locksley,Tuesday  ,18763.0
Sylvia Panteley,Thursday ,25831.0
Sylvia Panteley,Tuesday  ,17219.0
Dirk Stringer,Monday   ,14052.0
Sheryl Hunter,Tuesday  ,19048.0
Sylvia Panteley,Friday   ,24256.0
Ann Dull,Monday   ,33965.0
Charlene Locksley,Tuesday  ,24769.0
Michael O'Leary,Monday   ,20352.0
Anne Ringer,Tuesday  ,11176.0
Dirk Stringer,Sunday   ,25608.0
Cheryl Carson,Wednesday,11461.0
Meander Smith,Saturday ,15620.0
Johnson White,Wednesday,16806.0
Dirk Stringer,Thursday ,14889.0
Stearns MacFeather,Monday   ,17455.0
Abraham Bennet,Sunday   ,59363.0
Stearns MacFeather,Saturday ,13410.0
Reginald Blotchet-Halls,Friday   ,23297.0
Dirk Stringer,Sunday   ,18960.0
Sylvia Panteley,Saturday ,17589.0
Ann Dull,Friday   ,30843.0
Innes del Castillo,Wednesday,25887.0
Meander Smith,Tuesday  ,10201.0
Morningstar Greene,Sunday   ,19689.0
Livia Karsen,Friday   ,11039.0
Johnson White,Friday   ,40991.0
Sylvia Panteley,Saturday ,20478.0
Morningstar Greene,Wednesday,25903.0
Reginald Blotchet-Halls,Friday   ,24108.0
Cheryl Carson,Friday   ,16806.0
Meander Smith,Tuesday  ,9293.0
Innes del Castillo,Thursday ,25450.0
Heather McBadden,Tuesday  ,21103.0
Livia Karsen,Monday   ,15429.0
Michael O'Leary,Tuesday  ,23515.0
Marjorie Green,Sunday   ,38115.0
Charlene Locksley,Saturday ,21489.0
Marjorie Green,Friday   ,28526.0
Cheryl Carson,Monday   ,21428.0
Marjorie Green,Friday   ,32413.0
Burt Gringlesby,Tuesday  ,20889.0
Heather McBadden,Friday   ,22636.0
Abraham Bennet,Wednesday,44126.0
Morningstar Greene,Thursday ,14142.0
Anne Ringer,Sunday   ,12758.0
Stearns MacFeather,Wednesday,12027.0
Meander Smith,Thursday ,9354.0
Dean Straight,Wednesday,21853.0
Cheryl Carson,Tuesday  ,20418.0
Abraham Bennet,Tuesday  ,55925.0
Meander Smith,Thursday ,11868.0
Charlene Locksley,Monday   ,23908.0
Heather McBadden,Tuesday  ,19560.0
Sheryl Hunter,Saturday ,20152.0
Anne Ringer,Sunday   ,8870.0
Anne Ringer,Monday   ,10496.0
Ann Dull,Wednesday,34057.0
Michael O'Leary,Wednesday,27608.0
Marjorie Green,Saturday ,30953.0
Michael O'Leary,Friday   ,24193.0
Michael O'Leary,Sunday   ,22420.0
Heather McBadden,Wednesday,14312.0
Marjorie Green,Sunday   ,24229.0
Morningstar Greene,Tuesday  ,19712.0
Michel DeFrance,Saturday ,24138.0
Innes del Castillo,Sunday   ,21978.0
Meander Smith,Sunday   ,13685.0
Innes del Castillo,Tuesday  ,27770.0
Burt Gringlesby,Wednesday,26967.0
Innes del Castillo,Monday   ,28082.0
Stearns MacFeather,Saturday ,22385.0
Michael O'Leary,Wednesday,18996.0
Morningstar Greene,Thursday ,13702.0
Albert Ringer,Sunday   ,31406.0
Dirk Stringer,Friday   ,13536.0
Sheryl Hunter,Sunday   ,20061.0
Livia Karsen,Saturday ,14154.0
Innes del Castillo,Monday   ,24392.0
Dirk Stringer,Tuesday  ,14073.0
Sylvia Panteley,Tuesday  ,15260.0
Dirk Stringer,Wednesday,11817.0
Marjorie Green,Thursday ,23580.0
Stearns MacFeather,Sunday   ,15601.0
Sylvia Panteley,Wednesday,18397.0
Dean Straight,Sunday   ,24423.0
Livia Karsen,Sunday   ,14886.0
Cheryl Carson,Tuesday  ,12803.0
Charlene Locksley,Saturday ,24424.0
Anne Ringer,Tuesday  ,13438.0
Cheryl Carson,Monday   ,12395.0
Livia Karsen,Saturday ,11604.0
Dean Straight,Sunday   ,19059.0
Cheryl Carson,Monday   ,17304.0
Sheryl Hunter,Tuesday  ,15826.0
Reginald Blotchet-Halls,Saturday ,18434.0
Morningstar Greene,Saturday ,18124.0
Burt Gringlesby,Sunday   ,22898.0
Livia Karsen,Monday   ,11684.0
Johnson White,Saturday ,26774.0
Dirk Stringer,Tuesday  ,13107.0
Sylvia Panteley,Sunday   ,21793.0
Reginald Blotchet-Halls,Friday   ,21566.0
Burt Gringlesby,Friday   ,21490.0
Stearns MacFeather,Friday   ,20331.0
Heather McBadden,Sunday   ,21013.0
Marjorie Green,Sunday   ,34238.0
Michel DeFrance,Monday   ,25338.0
Cheryl Carson,Friday   ,11849.0
Dean Straight,Sunday   ,17294.0
Morningstar Greene,Sunday   ,16539.0
Burt Gringlesby,Monday   ,25570.0
Burt Gringlesby,Wednesday,29447.0
Stearns MacFeather,Tuesday  ,14342.0
Dean Straight,Saturday ,19999.0
Burt Gringlesby,Sunday   ,24688.0
Michel DeFrance,Tuesday  ,27114.0
Albert Ringer,Wednesday,26147.0
Abraham Bennet,Tuesday  ,46753.0
Johnson White,Saturday ,32725.0
Reginald Blotchet-Halls,Thursday ,16314.0
Charlene Locksley,Thursday ,24024.0
Heather McBadden,Tuesday  ,15943.0
Dean Straight,Monday   ,19344.0
Stearns MacFeather,Friday   ,17891.0
Abraham Bennet,Monday   ,42405.0
Reginald Blotchet-Halls,Wednesday,18775.0
Innes del Castillo,Tuesday  ,25979.0
Albert Ringer,Sunday   ,31936.0
Ann Dull,Monday   ,38245.0
Michael O'Leary,Thursday ,23036.0
Anne Ringer,Wednesday,14177.0
Charlene Locksley,Saturday ,24000.0
Burt Gringlesby,Tuesday  ,23363.0
Dean Straight,Sunday   ,21500.0
Dean Straight,Monday   ,19427.0
Livia Karsen,Sunday   ,14957.0
Anne Ringer,Thursday ,11457.0
Heather McBadden,Tuesday  ,20815.0
Dirk Stringer,Wednesday,14163.0
Albert Ringer,Monday   ,36034.0
Abraham Bennet,Sunday   ,58892.0
Cheryl Carson,Wednesday,14359.0
Abraham Bennet,Tuesday  ,55174.0
Reginald Blotchet-Halls,Wednesday,12840.0
Heather McBadden,Wednesday,20699.0
Charlene Locksley,Thursday ,26495.0
Dirk Stringer,Wednesday,17016.0
Johnson White,Saturday ,32237.0
Heather McBadden,Saturday ,15960.0
Sylvia Panteley,Friday   ,16184.0
Johnson White,Friday   ,28659.0
Reginald Blotchet-Halls,Monday   ,14602.0
Burt Gringlesby,Sunday   ,19224.0
Reginald Blotchet-Halls,Friday   ,17123.0
Morningstar Greene,Saturday ,18622.0
Morningstar Greene,Tuesday  ,12320.0
Marjorie Green,Tuesday  ,33080.0
Livia Karsen,Tuesday  ,12579.0
Cheryl Carson,Sunday   ,15774.0
Marjorie Green,Tuesday  ,35356.0
Sylvia Panteley,Friday   ,17196.0
Dean Straight,Friday   ,24009.0
Innes del Castillo,Friday   ,16487.0
Morningstar Greene,Wednesday,20889.0
Sheryl Hunter,Monday   ,18962.0
Heather McBadden,Wednesday,21800.0
Livia Karsen,Saturday ,15704.0
Abraham Bennet,Wednesday,49032.0
Morningstar Greene,Tuesday  ,15517.0
Johnson White,Saturday ,37019.0
Dean Straight,Tuesday  ,17219.0
Reginald Blotchet-Halls,Sunday   ,16256.0
Michel DeFrance,Monday   ,30388.0
Albert Ringer,Tuesday  ,37137.0
Dirk Stringer,Friday   ,19686.0
Heather McBadden,Saturday ,20295.0
Livia Karsen,Tuesday  ,13326.0
Innes del Castillo,Tuesday  ,22351.0
Sylvia Panteley,Thursday ,20894.0
Livia Karsen,Sunday   ,12970.0
Dirk Stringer,Monday   ,17220.0
Johnson White,Sunday   ,32885.0
Marjorie Green,Wednesday,29911.0
Innes del Castillo,Saturday ,19737.0
Ann Dull,Tuesday  ,27143.0
Charlene Locksley,Wednesday,31735.0
Morningstar Greene,Tuesday  ,21032.0
Cheryl Carson,Thursday ,11881.0
Michel DeFrance,Wednesday,31028.0
Anne Ringer,Friday   ,7229.0
Ann Dull,Wednesday,39263.0
Burt Gringlesby,Sunday   ,17068.0
Anne Ringer,Wednesday,8249.0
Michael O'Leary,Wednesday,21019.0
Meander Smith,Thursday ,10941.0
Sheryl Hunter,Sunday   ,20317.0
Anne Ringer,Thursday ,8456.0
Sylvia Panteley,Tuesday  ,16798.0
Reginald Blotchet-Halls,Wednesday,18200.0
Abraham Bennet,Thursday ,48792.0
Livia Karsen,Tuesday  ,15740.0
Burt Gringlesby,Sunday   ,15522.0
Morningstar Greene,Monday   ,13893.0
Michael O'Leary,Friday   ,25117.0
Anne Ringer,Saturday ,11930.0
Livia Karsen,Sunday   ,20380.0
Ann Dull,Friday   ,35518.0
Michael O'Leary,Thursday ,24466.0
Abraham Bennet,Wednesday,46120.0
Livia Karsen,Saturday ,10281.0
Albert Ringer,Monday   ,32332.0
Heather McBadden,Wednesday,12970.0
Michel DeFrance,Tuesday  ,25549.0
Abraham Bennet,Tuesday  ,41891.0
Michael O'Leary,Tuesday  ,21324.0
Albert Ringer,Friday   ,26268.0
Meander Smith,Sunday   ,9787.0
Charlene Locksley,Wednesday,26772.0
Albert Ringer,Wednesday,33913.0
Cheryl Carson,Thursday ,14391.0
Ann Dull,Monday   ,27655.0
Charlene Locksley,Friday   ,26843.0
Dirk Stringer,Friday   ,22716.0
Innes del Castillo,Sunday   ,19385.0
Heather McBadden,Saturday ,19085.0
Michel DeFrance,Sunday   ,25852.0
Meander Smith,Monday   ,13439.0
Abraham Bennet,Tuesday  ,46665.0
Albert Ringer,Monday   ,46961.0
Johnson White,Monday   ,32104.0
Sheryl Hunter,Wednesday,21282.0
Anne Ringer,Tuesday  ,11324.0
Heather McBadden,Saturday ,19047.0
Stearns MacFeather,Thursday ,17779.0
Innes del Castillo,Tuesday  ,22494.0
Cheryl Carson,Thursday ,20419.0
Dirk Stringer,Thursday ,13209.0
Burt Gringlesby,Tuesday  ,23638.0
Sylvia Panteley,Wednesday,20181.0
Burt Gringlesby,Saturday ,21156.0
Sheryl Hunter,Wednesday,14249.0
Abraham Bennet,Wednesday,41577.0
Anne Ringer,Sunday   ,11324.0
Cheryl Carson,Sunday   ,14141.0
Heather McBadden,Thursday ,20195.0
Reginald Blotchet-Halls,Tuesday  ,16063.0
Marjorie Green,Tuesday  ,42728.0
Stearns MacFeather,Thursday ,10143.0
Michael O'Leary,Saturday ,26742.0
Michel DeFrance,Sunday   ,19886.0
Anne Ringer,Saturday ,13364.0
Dean Straight,Friday   ,16636.0
Meander Smith,Wednesday,9454.0
Heather McBadden,Thursday ,28292.0
Sheryl Hunter,Thursday ,14325.0
Morningstar Greene,Friday   ,16009.0
Burt Gringlesby,Sunday   ,28973.0
Sheryl Hunter,Monday   ,15781.0
Albert Ringer,Tuesday  ,24129.0
Ann Dull,Saturday ,34518.0
Anne Ringer,Monday   ,7096.0
Anne Ringer,Tuesday  ,8796.0
Innes del Castillo,Friday   ,24068.0
Michel DeFrance,Wednesday,31369.0
Anne Ringer,Thursday ,8796.0
Sheryl Hunter,Wednesday,18262.0
Charlene Locksley,Friday   ,23332.0
Meander Smith,Saturday ,8699.0
Reginald Blotchet-Halls,Wednesday,15363.0
Innes del Castillo,Thursday ,25810.0
Dean Straight,Wednesday,23894.0
Livia Karsen,Monday   ,13234.0
Sheryl Hunter,Saturday ,16297.0
Charlene Locksley,Sunday   ,30101.0
Dirk Stringer,Sunday   ,18024.0
Livia Karsen,Friday   ,19156.0
Johnson White,Monday   ,32851.0
Burt Gringlesby,Sunday   ,17500.0
Reginald Blotchet-Halls,Wednesday,20395.0
Innes del Castillo,Sunday   ,31887.0
Marjorie Green,Wednesday,26822.0
Meander Smith,Saturday ,8580.0
Michael O'Leary,Sunday   ,25455.0
Innes del Castillo,Tuesday  ,31881.0
Ann Dull,Thursday ,35880.0
Michel DeFrance,Thursday ,32600.0
Sylvia Panteley,Sunday   ,16858.0
Heather McBadden,Thursday ,20838.0
Cheryl Carson,Monday   ,15340.0
Michel DeFrance,Monday   ,30867.0
Charlene Locksley,Friday   ,21111.0
Livia Karsen,Monday   ,11110.0
Heather McBadden,Monday   ,19130.0
Burt Gringlesby,Monday   ,21744.0
Charlene Locksley,Friday   ,29883.0
Michel DeFrance,Saturday ,31070.0
Dean Straight,Saturday ,20163.0
Reginald Blotchet-Halls,Tuesday  ,20119.0
Abraham Bennet,Monday   ,47327.0
Abraham Bennet,Monday   ,41336.0
Morningstar Greene,Saturday ,16847.0
Anne Ringer,Wednesday,8190.0
Dirk Stringer,Monday   ,18726.0
Charlene Locksley,Tuesday  ,24655.0
Cheryl Carson,Tuesday  ,18690.0
Sheryl Hunter,Sunday   ,20145.0
Dean Straight,Monday   ,20631.0
Ann Dull,Monday   ,35443.0
Stearns MacFeather,Wednesday,14173.0
Sheryl Hunter,Wednesday,22551.0
Cheryl Carson,Tuesday  ,20542.0
Anne Ringer,Monday   ,10023.0
Abraham Bennet,Monday   ,55317.0
Reginald Blotchet-Halls,Friday   ,17690.0
Heather McBadden,Thursday ,25384.0
Michael O'Leary,Sunday   ,13917.0
Livia Karsen,Tuesday  ,8340.0
Morningstar Greene,Saturday ,13087.0
Sheryl Hunter,Monday   ,19586.0
Charlene Locksley,Friday   ,29397.0
Cheryl Carson,Sunday   ,14483.0
Burt Gringlesby,Wednesday,15868.0
Sheryl Hunter,Saturday ,20800.0
Reginald Blotchet-Halls,Monday   ,16703.0
Cheryl Carson,Sunday   ,21402.0
Meander Smith,Tuesday  ,11025.0
Meander Smith,Monday   ,10362.0
Heather McBadden,Tuesday  ,16467.0
Charlene Locksley,Saturday ,26670.0
Johnson White,Wednesday,26862.0
Dean Straight,Wednesday,23978.0
Michel DeFrance,Tuesday  ,27895.0
Johnson White,Sunday   ,26154.0
Charlene Locksley,Sunday   ,22102.0
Dirk Stringer,Tuesday  ,18180.0
Dean Straight,Saturday ,25811.0
Cheryl Carson,Saturday ,18253.0
Albert Ringer,Thursday ,31798.0
Charlene Locksley,Saturday ,26692.0
Stearns MacFeather,Wednesday,11446.0
Burt Gringlesby,Monday   ,27782.0
Morningstar Greene,Saturday ,15972.0
Dean Straight,Friday   ,20166.0
Innes del Castillo,Friday   ,21033.0
Marjorie Green,Friday   ,27500.0
Heather McBadden,Thursday ,18394.0
Michael O'Leary,Wednesday,23494.0
Livia Karsen,Tuesday  ,11603.0
Michel DeFrance,Friday   ,29575.0
Dirk Stringer,Tuesday  ,15819.0
Sylvia Panteley,Tuesday  ,21986.0
Albert Ringer,Saturday ,34579.0
Heather McBadden,Sunday   ,19650.0
Dean Straight,Saturday ,20275.0
Marjorie Green,Friday   ,26688.0
Dirk Stringer,Monday   ,14721.0
Dean Straight,Wednesday,22057.0
Meander Smith,Friday   ,9473.0
Stearns MacFeather,Saturday ,21816.0
Cheryl Carson,Wednesday,13966.0
Albert Ringer,Monday   ,40425.0
Dean Straight,Sunday   ,17257.0
Stearns MacFeather,Saturday ,15568.0
Reginald Blotchet-Halls,Friday   ,22283.0
Sheryl Hunter,Sunday   ,18226.0
Michael O'Leary,Friday   ,18029.0
Marjorie Green,Wednesday,22612.0
Sheryl Hunter,Tuesday  ,16787.0
Innes del Castillo,Friday   ,20813.0
Dirk Stringer,Thursday ,20943.0
Stearns MacFeather,Tuesday  ,18309.0
Dirk Stringer,Wednesday,18153.0
Johnson White,Friday   ,37518.0
Meander Smith,Sunday   ,11646.0
Charlene Locksley,Sunday   ,27778.0
Anne Ringer,Wednesday,8663.0
Stearns MacFeather,Friday   ,12451.0
Sylvia Panteley,Thursday ,20602.0
Sylvia Panteley,Monday   ,14287.0
Abraham Bennet,Wednesday,50788.0
Cheryl Carson,Tuesday  ,16309.0
Morningstar Greene,Thursday ,17782.0
Marjorie Green,Friday   ,36153.0
Johnson White,Monday   ,34498.0
Michael O'Leary,Friday   ,25978.0
Michel DeFrance,Wednesday,21941.0
Burt Gringlesby,Wednesday,24778.0
Reginald Blotchet-Halls,Monday   ,29077.0
Sheryl Hunter,Friday   ,16875.0
Dirk Stringer,Wednesday,16407.0
Johnson White,Thursday ,29347.0
Innes del Castillo,Friday   ,29479.0
Sheryl Hunter,Saturday ,17664.0
Livia Karsen,Sunday   ,12304.0
Michel DeFrance,Friday   ,22416.0
Livia Karsen,Sunday   ,11776.0
Abraham Bennet,Saturday ,45237.0
Michael O'Leary,Tuesday  ,20320.0
Reginald Blotchet-Halls,Saturday ,23855.0
Albert Ringer,Monday   ,33908.0
Albert Ringer,Monday   ,23313.0
Johnson White,Friday   ,34261.0
Albert Ringer,Saturday ,31470.0
Sheryl Hunter,Tuesday  ,21171.0
Ann Dull,Friday   ,31952.0
Abraham Bennet,Saturday ,48812.0
Sylvia Panteley,Wednesday,17134.0
Michel DeFrance,Monday   ,30794.0
Heather McBadden,Friday   ,10512.0
Innes del Castillo,Wednesday,26370.0
Albert Ringer,Thursday ,28291.0
Sheryl Hunter,Tuesday  ,16401.0
Marjorie Green,Monday   ,35827.0
Ann Dull,Sunday   ,33258.0
Ann Dull,Sunday   ,25786.0
Michel DeFrance,Sunday   ,31476.0
Innes del Castillo,Saturday ,22696.0
Cheryl Carson,Saturday ,13626.0
Abraham Bennet,Friday   ,54239.0
Michael O'Leary,Saturday ,25125.0
Reginald Blotchet-Halls,Tuesday  ,21520.0
Johnson White,Wednesday,32379.0
Marjorie Green,Tuesday  ,24880.0
Johnson White,Monday   ,38692.0
Dean Straight,Wednesday,21954.0
Innes del Castillo,Friday   ,27602.0
Ann Dull,Friday   ,35208.0
Meander Smith,Saturday ,8492.0
Michael O'Leary,Sunday   ,21425.0
Ann Dull,Thursday ,28668.0
Abraham Bennet,Friday   ,52430.0
Dirk Stringer,Sunday   ,12294.0
Innes del Castillo,Thursday ,29955.0
Michel DeFrance,Monday   ,26250.0
Cheryl Carson,Thursday ,17520.0
Sheryl Hunter,Monday   ,17315.0
Charlene Locksley,Sunday   ,23529.0
Dean Straight,Thursday ,18478.0
Cheryl Carson,Wednesday,13988.0
Livia Karsen,Saturday ,7511.0
Ann Dull,Tuesday  ,34011.0
Ann Dull,Sunday   ,30025.0
Charlene Locksley,Monday   ,24095.0
Meander Smith,Thursday ,12355.0
Charlene Locksley,Friday   ,20317.0
Sheryl Hunter,Sunday   ,20145.0
Sylvia Panteley,Saturday ,20908.0
Charlene Locksley,Friday   ,24920.0
Michel DeFrance,Tuesday  ,24939.0
Livia Karsen,Saturday ,12477.0
Sheryl Hunter,Saturday ,20051.0
Marjorie Green,Monday   ,26536.0
Sheryl Hunter,Monday   ,12501.0
Reginald Blotchet-Halls,Tuesday  ,15938.0
Heather McBadden,Friday   ,14374.0
Johnson White,Monday   ,30272.0
Sylvia Panteley,Thursday ,18316.0
Ann Dull,Friday   ,41966.0
Livia Karsen,Wednesday,9087.0
Innes del Castillo,Friday   ,21446.0
Burt Gringlesby,Wednesday,25473.0
Anne Ringer,Tuesday  ,10097.0
Innes del Castillo,Wednesday,18038.0
Michel DeFrance,Sunday   ,27822.0
Abraham Bennet,Saturday ,45763.0
Livia Karsen,Monday   ,8696.0
Albert Ringer,Tuesday  ,32741.0
Michel DeFrance,Sunday   ,26944.0
Dirk Stringer,Friday   ,15546.0
Dean Straight,Tuesday  ,23966.0
Marjorie Green,Sunday   ,27466.0
Dirk Stringer,Monday   ,10020.0
Reginald Blotchet-Halls,Sunday   ,17669.0
Cheryl Carson,Friday   ,13344.0
Morningstar Greene,Sunday   ,17331.0
Sheryl Hunter,Sunday   ,13466.0
Livia Karsen,Wednesday,13509.0
Abraham Bennet,Saturday ,57739.0
Anne Ringer,Monday   ,11590.0
Dean Straight,Friday   ,27536.0
Marjorie Green,Sunday   ,31468.0
Michael O'Leary,Sunday   ,20575.0
Albert Ringer,Monday   ,24245.0
Morningstar Greene,Monday   ,15083.0
Stearns MacFeather,Thursday ,20056.0
Dirk Stringer,Monday   ,17340.0
Abraham Bennet,Wednesday,44918.0
Burt Gringlesby,Friday   ,21142.0
Anne Ringer,Saturday ,9757.0
Sylvia Panteley,Saturday ,18270.0
Innes del Castillo,Thursday ,27941.0
Dirk Stringer,Monday   ,17787.0
Stearns MacFeather,Sunday   ,13821.0
Meander Smith,Friday   ,12581.0
Burt Gringlesby,Monday   ,23579.0
Sylvia Panteley,Saturday ,15483.0
Dirk Stringer,Monday   ,21804.0
Albert Ringer,Wednesday,34947.0
Johnson White,Saturday ,26519.0
Dean Straight,Monday   ,15718.0
Livia Karsen,Thursday ,14636.0
Cheryl Carson,Thursday ,14981.0
Abraham Bennet,Wednesday,45302.0
Abraham Bennet,Friday   ,54255.0
Anne Ringer,Wednesday,6475.0
Heather McBadden,Monday   ,19094.0
Reginald Blotchet-Halls,Wednesday,15472.0
Cheryl Carson,Thursday ,11990.0
Meander Smith,Friday   ,8446.0
Meander Smith,Tuesday  ,16214.0
Abraham Bennet,Tuesday  ,49111.0
Livia Karsen,Monday   ,10983.0
Abraham Bennet,Thursday ,48849.0
Albert Ringer,Thursday ,29119.0
Innes del Castillo,Saturday ,22085.0
Cheryl Carson,Saturday ,13437.0
Sylvia Panteley,Thursday ,15250.0
Ann Dull,Friday   ,33540.0
Morningstar Greene,Thursday ,10646.0
Ann Dull,Sunday   ,40913.0
Innes del Castillo,Monday   ,22448.0
Marjorie Green,Monday   ,31440.0
Stearns MacFeather,Saturday ,15986.0
Sylvia Panteley,Thursday ,17525.0
Stearns MacFeather,Friday   ,13469.0
Meander Smith,Monday   ,10473.0
Burt Gringlesby,Tuesday  ,24388.0
Michael O'Leary,Sunday   ,27285.0
Ann Dull,Saturday ,33171.0
Marjorie Green,Friday   ,27123.0
Reginald Blotchet-Halls,Thursday ,20213.0
Johnson White,Friday   ,32704.0
Anne Ringer,Thursday ,14458.0
Reginald Blotchet-Halls,Monday   ,25057.0
Reginald Blotchet-Halls,Thursday ,19308.0
Cheryl Carson,Monday   ,13238.0
Burt Gringlesby,Thursday ,20438.0
Albert Ringer,Monday   ,33184.0
Dirk Stringer,Saturday ,20307.0
Anne Ringer,Monday   ,12684.0
Innes del Castillo,Saturday ,15647.0
Michel DeFrance,Thursday ,30184.0
Sylvia Panteley,Sunday   ,16913.0
Burt Gringlesby,Friday   ,20700.0
Charlene Locksley,Saturday ,27557.0
Anne Ringer,Wednesday,11664.0
Johnson White,Wednesday,41035.0
Meander Smith,Wednesday,10274.0
Morningstar Greene,Tuesday  ,14425.0
Anne Ringer,Saturday ,11043.0
Anne Ringer,Monday   ,10097.0
Morningstar Greene,Sunday   ,22499.0
Dean Straight,Monday   ,21240.0
Livia Karsen,Wednesday,12467.0
Heather McBadden,Tuesday  ,24015.0
Heather McBadden,Monday   ,18702.0
Abraham Bennet,Thursday ,48563.0
Abraham Bennet,Tuesday  ,53871.0
Anne Ringer,Wednesday,8855.0
Johnson White,Monday   ,37248.0
Livia Karsen,Friday   ,17036.0
Reginald Blotchet-Halls,Monday   ,27087.0
Albert Ringer,Saturday ,27394.0
Stearns MacFeather,Wednesday,10617.0
Innes del Castillo,Saturday ,21715.0
Morningstar Greene,Monday   ,23564.0
Johnson White,Sunday   ,31321.0
Morningstar Greene,Friday   ,14566.0
Meander Smith,Sunday   ,11033.0
Cheryl Carson,Wednesday,12864.0
Dirk Stringer,Saturday ,17562.0
Dean Straight,Wednesday,21402.0
Cheryl Carson,Saturday ,10232.0
Livia Karsen,Sunday   ,14856.0
Burt Gringlesby,Saturday ,19831.0
Reginald Blotchet-Halls,Tuesday  ,17874.0
Anne Ringer,Sunday   ,8456.0
Marjorie Green,Wednesday,32553.0
Sylvia Panteley,Wednesday,16297.0
Stearns MacFeather,Wednesday,14081.0
Anne Ringer,Tuesday  ,14384.0
Cheryl Carson,Monday   ,15375.0
Marjorie Green,Sunday   ,33376.0
Reginald Blotchet-Halls,Saturday ,20880.0
Albert Ringer,Wednesday,26462.0
Michael O'Leary,Friday   ,19445.0
Cheryl Carson,Tuesday  ,5591.0
Charlene Locksley,Sunday   ,23462.0
Albert Ringer,Friday   ,30159.0
Livia Karsen,Friday   ,15486.0
Marjorie Green,Thursday ,34890.0
Michael O'Leary,Monday   ,20922.0
Livia Karsen,Tuesday  ,10073.0
Abraham Bennet,Thursday ,53817.0
Dean Straight,Saturday ,18427.0
Heather McBadden,Monday   ,17637.0
Reginald Blotchet-Halls,Monday   ,17828.0
Livia Karsen,Wednesday,10647.0
Charlene Locksley,Thursday ,28443.0
Michel DeFrance,Sunday   ,19939.0
Dirk Stringer,Tuesday  ,21306.0
Dean Straight,Thursday ,10594.0
Abraham Bennet,Sunday   ,50826.0
Ann Dull,Friday   ,37082.0
Sheryl Hunter,Tuesday  ,17128.0
Marjorie Green,Friday   ,29610.0
Stearns MacFeather,Monday   ,16130.0
Stearns MacFeather,Saturday ,18896.0
Innes del Castillo,Monday   ,21669.0
Heather McBadden,Thursday ,22724.0
Dirk Stringer,Sunday   ,13770.0
Dirk Stringer,Friday   ,15558.0
Michel DeFrance,Wednesday,31554.0
Anne Ringer,Monday   ,12285.0
Albert Ringer,Friday   ,35568.0
Marjorie Green,Saturday ,30368.0
Michel DeFrance,Tuesday  ,22612.0
Albert Ringer,Tuesday  ,40172.0
Johnson White,Thursday ,37730.0
Sheryl Hunter,Thursday ,22551.0
Anne Ringer,Thursday ,15892.0
Michael O'Leary,Tuesday  ,28076.0
Innes del Castillo,Friday   ,22632.0
Dean Straight,Thursday ,22005.0
Charlene Locksley,Thursday ,23101.0
Ann Dull,Monday   ,39723.0
Abraham Bennet,Wednesday,48664.0
Stearns MacFeather,Sunday   ,21512.0
Meander Smith,Wednesday,9059.0
Dirk Stringer,Thursday ,18084.0
Livia Karsen,Monday   ,11521.0
Marjorie Green,Saturday ,39199.0
Burt Gringlesby,Monday   ,26517.0
Charlene Locksley,Thursday ,26680.0
Abraham Bennet,Friday   ,49114.0
Livia Karsen,Thursday ,14637.0
Ann Dull,Tuesday  ,34505.0
Morningstar Greene,Tuesday  ,13416.0
Ann Dull,Thursday ,40252.0
Dirk Stringer,Sunday   ,15315.0
Michael O'Leary,Tuesday  ,23385.0
Abraham Bennet,Sunday   ,46542.0
Michel DeFrance,Thursday ,30637.0
Dirk Stringer,Saturday ,12312.0
Stearns MacFeather,Monday   ,20109.0
Johnson White,Tuesday  ,24730.0
Livia Karsen,Friday   ,11776.0
Charlene Locksley,Saturday ,20939.0
Johnson White,Tuesday  ,38673.0
Albert Ringer,Monday   ,27210.0
Burt Gringlesby,Saturday ,20797.0
Johnson White,Thursday ,25210.0
Heather McBadden,Saturday ,15910.0
Heather McBadden,Sunday   ,18846.0
Anne Ringer,Tuesday  ,13911.0
Cheryl Carson,Sunday   ,8766.0
Heather McBadden,Monday   ,22654.0
Burt Gringlesby,Thursday ,19564.0
Dirk Stringer,Tuesday  ,14814.0
Michael O'Leary,Tuesday  ,18935.0
Abraham Bennet,Friday   ,51873.0
Dirk Stringer,Sunday   ,16641.0
Anne Ringer,Friday   ,13423.0
Stearns MacFeather,Wednesday,19977.0
Innes del Castillo,Tuesday  ,25080.0
Marjorie Green,Saturday ,36274.0
Cheryl Carson,Monday   ,17658.0
Dean Straight,Tuesday  ,21494.0
Albert Ringer,Saturday ,38092.0
Stearns MacFeather,Tuesday  ,13781.0
Sylvia Panteley,Thursday ,22363.0
Cheryl Carson,Thursday ,18144.0
Abraham Bennet,Sunday   ,41675.0
Charlene Locksley,Tuesday  ,20754.0
Dean Straight,Tuesday  ,19916.0
Ann Dull,Wednesday,27736.0
Abraham Bennet,Monday   ,44728.0
Morningstar Greene,Sunday   ,15674.0
Heather McBadden,Monday   ,18711.0
Charlene Locksley,Monday   ,33981.0
Sylvia Panteley,Saturday ,17813.0
Reginald Blotchet-Halls,Saturday ,19181.0
Dean Straight,Friday   ,25110.0
Meander Smith,Wednesday,11094.0
Meander Smith,Friday   ,9312.0
Dirk Stringer,Saturday ,22647.0
Meander Smith,Tuesday  ,14194.0
Heather McBadden,Sunday   ,14570.0
Dean Straight,Wednesday,15538.0
Michael O'Leary,Thursday ,27294.0
Anne Ringer,Tuesday  ,11383.0
Sylvia Panteley,Tuesday  ,19199.0
Cheryl Carson,Saturday ,14359.0
Anne Ringer,Saturday ,7022.0
Michel DeFrance,Monday   ,24502.0
Sylvia Panteley,Wednesday,22589.0
Dirk Stringer,Thursday ,20079.0
Charlene Locksley,Monday   ,27981.0
Michel DeFrance,Monday   ,26914.0
Livia Karsen,Sunday   ,14774.0
Dean Straight,Thursday ,16217.0
Cheryl Carson,Sunday   ,14874.0
Dirk Stringer,Monday   ,19605.0
Burt Gringlesby,Thursday ,23317.0
Stearns MacFeather,Sunday   ,12947.0
Michael O'Leary,Tuesday  ,23745.0
Burt Gringlesby,Monday   ,19896.0
Meander Smith,Sunday   ,13060.0
Meander Smith,Sunday   ,7687.0
Dean Straight,Wednesday,15486.0
Stearns MacFeather,Saturday ,12001.0
Reginald Blotchet-Halls,Tuesday  ,17759.0
Heather McBadden,Monday   ,27638.0
Marjorie Green,Saturday ,30953.0
Livia Karsen,Thursday ,10673.0
Charlene Locksley,Monday   ,26738.0
Meander Smith,Tuesday  ,12646.0
Innes del Castillo,Tuesday  ,26000.0
Reginald Blotchet-Halls,Sunday   ,13496.0
Burt Gringlesby,Wednesday,19159.0
Sylvia Panteley,Wednesday,18033.0
Morningstar Greene,Wednesday,21825.0
Sylvia Panteley,Saturday ,13107.0
Albert Ringer,Wednesday,29263.0
Morningstar Greene,Monday   ,21225.0
Meander Smith,Monday   ,9147.0
Livia Karsen,Tuesday  ,13361.0
Heather McBadden,Monday   ,15426.0
Meander Smith,Tuesday  ,9722.0
Dirk Stringer,Monday   ,17175.0
Meander Smith,Wednesday,9354.0
Anne Ringer,Monday   ,10289.0
Stearns MacFeather,Tuesday  ,19599.0
Reginald Blotchet-Halls,Saturday ,26286.0
Cheryl Carson,Saturday ,10621.0
Morningstar Greene,Monday   ,14148.0
Heather McBadden,Wednesday,24192.0
Dean Straight,Tuesday  ,14115.0
Abraham Bennet,Tuesday  ,60996.0
Innes del Castillo,Monday   ,19551.0
Charlene Locksley,Tuesday  ,24751.0
Albert Ringer,Wednesday,32815.0
Ann Dull,Tuesday  ,22497.0
Johnson White,Sunday   ,29531.0
Ann Dull,Tuesday  ,27978.0
Sylvia Panteley,Thursday ,21510.0
Sylvia Panteley,Monday   ,18454.0
Anne Ringer,Saturday ,11797.0
Innes del Castillo,Monday   ,16592.0
Heather McBadden,Tuesday  ,15937.0
Anne Ringer,Friday   ,11797.0
Heather McBadden,Thursday ,14290.0
Dean Straight,Saturday ,14727.0
Charlene Locksley,Friday   ,19674.0
Sheryl Hunter,Tuesday  ,20284.0
Ann Dull,Wednesday,27322.0
Reginald Blotchet-Halls,Sunday   ,17437.0
Dean Straight,Saturday ,21330.0
Sylvia Panteley,Monday   ,21501.0
Meander Smith,Thursday ,7668.0
Abraham Bennet,Saturday ,41027.0
Johnson White,Tuesday  ,36098.0
Johnson White,Saturday ,33666.0
Morningstar Greene,Friday   ,15511.0
Marjorie Green,Saturday ,25828.0
Michael O'Leary,Monday   ,25711.0
Ann Dull,Saturday ,33897.0
Michael O'Leary,Monday   ,19671.0
Morningstar Greene,Sunday   ,19481.0
Innes del Castillo,Thursday ,23797.0
Michel DeFrance,Monday   ,26745.0
Morningstar Greene,Wednesday,21693.0
Marjorie Green,Thursday ,27378.0
Dirk Stringer,Tuesday  ,16401.0
Stearns MacFeather,Friday   ,14179.0
Dirk Stringer,Sunday   ,15915.0
Charlene Locksley,Monday   ,21604.0
Dean Straight,Saturday ,23963.0
Cheryl Carson,Saturday ,18518.0
Johnson White,Tuesday  ,32057.0
Abraham Bennet,Wednesday,44509.0
Reginald Blotchet-Halls,Saturday ,17968.0
Meander Smith,Sunday   ,11646.0
Sylvia Panteley,Monday   ,21938.0
Meander Smith,Monday   ,12021.0
Johnson White,Sunday   ,22894.0
Cheryl Carson,Wednesday,10187.0
Innes del Castillo,Thursday ,27862.0
Charlene Locksley,Thursday ,32148.0
Abraham Bennet,Friday   ,48984.0
Sheryl Hunter,Monday   ,16915.0
Dirk Stringer,Thursday ,12720.0
Michel DeFrance,Wednesday,19862.0
Stearns MacFeather,Wednesday,20552.0
Burt Gringlesby,Tuesday  ,23096.0
Michel DeFrance,Tuesday  ,27194.0
Charlene Locksley,Saturday ,24265.0
Anne Ringer,Saturday ,10496.0
Albert Ringer,Thursday ,29532.0
Anne Ringer,Sunday   ,13852.0
Abraham Bennet,Tuesday  ,59609.0
Marjorie Green,Wednesday,29396.0
Innes del Castillo,Wednesday,23677.0
Anne Ringer,Tuesday  ,12684.0
Stearns MacFeather,Saturday ,22033.0
Johnson White,Monday   ,36420.0
Innes del Castillo,Saturday ,24163.0
Charlene Locksley,Sunday   ,29963.0
Charlene Locksley,Wednesday,27302.0
Innes del Castillo,Friday   ,24628.0
Dirk Stringer,Thursday ,16710.0
Abraham Bennet,Sunday   ,38367.0
Marjorie Green,Friday   ,36370.0
Burt Gringlesby,Wednesday,27704.0
Marjorie Green,Wednesday,29975.0
Ann Dull,Monday   ,30445.0
Sheryl Hunter,Saturday ,19274.0
Sylvia Panteley,Monday   ,25454.0
Ann Dull,Saturday ,39706.0
Sylvia Panteley,Thursday ,18583.0
Innes del Castillo,Sunday   ,19349.0
Johnson White,Thursday ,28682.0
Sylvia Panteley,Friday   ,19227.0
Stearns MacFeather,Monday   ,11551.0
Reginald Blotchet-Halls,Wednesday,14962.0
Anne Ringer,Thursday ,14857.0
Sheryl Hunter,Tuesday  ,18085.0
Dirk Stringer,Friday   ,13416.0
Johnson White,Tuesday  ,32558.0
Charlene Locksley,Wednesday,25920.0
Livia Karsen,Tuesday  ,20634.0
Sylvia Panteley,Friday   ,21092.0
Morningstar Greene,Saturday ,20151.0
Albert Ringer,Saturday ,33849.0
Anne Ringer,Sunday   ,7362.0
Livia Karsen,Wednesday,12142.0
Michel DeFrance,Friday   ,28692.0
Burt Gringlesby,Thursday ,23795.0
Ann Dull,Friday   ,34086.0
Morningstar Greene,Tuesday  ,17305.0
Sheryl Hunter,Monday   ,20533.0
Michael O'Leary,Sunday   ,18515.0
Michael O'Leary,Monday   ,21499.0
Johnson White,Friday   ,26182.0
Sheryl Hunter,Friday   ,20570.0
Burt Gringlesby,Thursday ,19758.0
Innes del Castillo,Wednesday,26434.0
Marjorie Green,Monday   ,34010.0
Michel DeFrance,Monday   ,29019.0
Michel DeFrance,Monday   ,32381.0
Morningstar Greene,Thursday ,15955.0
Ann Dull,Sunday   ,31280.0
Abraham Bennet,Sunday   ,48369.0
Michel DeFrance,Friday   ,31672.0
Michael O'Leary,Thursday ,23769.0
Albert Ringer,Sunday   ,24538.0
Cheryl Carson,Tuesday  ,17646.0
Ann Dull,Saturday ,29180.0
Sylvia Panteley,Tuesday  ,11217.0
Ann Dull,Sunday   ,33108.0
Charlene Locksley,Monday   ,19385.0
Sheryl Hunter,Monday   ,20014.0
Sheryl Hunter,Tuesday  ,20102.0
Charlene Locksley,Tuesday  ,26529.0
Anne Ringer,Friday   ,13852.0
Burt Gringlesby,Tuesday  ,15983.0
Sylvia Panteley,Monday   ,15409.0
Meander Smith,Wednesday,7032.0
Livia Karsen,Tuesday  ,14982.0
Dirk Stringer,Thursday ,16815.0
Michael O'Leary,Saturday ,21522.0
Anne Ringer,Friday   ,15271.0
Ann Dull,Saturday ,39240.0
Burt Gringlesby,Saturday ,26007.0
Anne Ringer,Monday   ,9742.0
Anne Ringer,Saturday ,14739.0
Abraham Bennet,Saturday ,52760.0
Abraham Bennet,Wednesday,45168.0
Michel DeFrance,Wednesday,26680.0
Johnson White,Friday   ,33254.0
Abraham Bennet,Thursday ,52106.0
Heather McBadden,Friday   ,18201.0
Meander Smith,Tuesday  ,10799.0
Morningstar Greene,Saturday ,20585.0
Marjorie Green,Tuesday  ,34276.0
Morningstar Greene,Tuesday  ,14077.0
Ann Dull,Thursday ,31112.0
Morningstar Greene,Saturday ,21295.0
Sylvia Panteley,Thursday ,14140.0
Meander Smith,Saturday ,10358.0
Innes del Castillo,Tuesday  ,22479.0
Sylvia Panteley,Monday   ,17918.0
Dean Straight,Saturday ,18257.0
Innes del Castillo,Sunday   ,20077.0
Innes del Castillo,Wednesday,17591.0
Marjorie Green,Sunday   ,33619.0
Albert Ringer,Wednesday,33919.0
Marjorie Green,Sunday   ,30360.0
Heather McBadden,Friday   ,12090.0
Reginald Blotchet-Halls,Monday   ,23514.0
Innes del Castillo,Monday   ,28458.0
Cheryl Carson,Tuesday  ,9781.0
Sheryl Hunter,Wednesday,12497.0
Albert Ringer,Wednesday,33051.0
Heather McBadden,Sunday   ,19526.0
Sheryl Hunter,Thursday ,23254.0
Burt Gringlesby,Wednesday,20131.0
Albert Ringer,Sunday   ,30969.0
Michel DeFrance,Sunday   ,28628.0
Anne Ringer,Friday   ,8870.0
Meander Smith,Tuesday  ,9592.0
Abraham Bennet,Thursday ,40381.0
Reginald Blotchet-Halls,Saturday ,23874.0
Charlene Locksley,Monday   ,26382.0
Michael O'Leary,Saturday ,19915.0
Cheryl Carson,Wednesday,18598.0
Michael O'Leary,Wednesday,23219.0
Marjorie Green,Wednesday,29943.0
Cheryl Carson,Monday   ,17428.0
Anne Ringer,Sunday   ,15064.0
Abraham Bennet,Saturday ,51975.0
Sylvia Panteley,Sunday   ,23304.0
Michel DeFrance,Friday   ,36058.0
Sheryl Hunter,Wednesday,16517.0
Meander Smith,Saturday ,14328.0
Anne Ringer,Thursday ,10437.0
Heather McBadden,Saturday ,13550.0
Johnson White,Monday   ,40302.0
Dirk Stringer,Sunday   ,19230.0
Michel DeFrance,Sunday   ,24720.0
Sylvia Panteley,Thursday ,17527.0
Albert Ringer,Tuesday  ,20651.0
Morningstar Greene,Thursday ,17751.0
Charlene Locksley,Wednesday,26175.0
Stearns MacFeather,Saturday ,19241.0
Livia Karsen,Thursday ,7202.0
Ann Dull,Sunday   ,31159.0
Michael O'Leary,Monday   ,20301.0
Livia Karsen,Wednesday,9616.0
Livia Karsen,Sunday   ,7064.0
Sylvia Panteley,Sunday   ,16624.0
Marjorie Green,Saturday ,34843.0
Innes del Castillo,Saturday ,21510.0
Ann Dull,Monday   ,36157.0
Innes del Castillo,Monday   ,18713.0
Burt Gringlesby,Saturday ,23887.0
Albert Ringer,Tuesday  ,32572.0
Cheryl Carson,Sunday   ,13830.0
Livia Karsen,Monday   ,12568.0
Michael O'Leary,Thursday ,15250.0
Dean Straight,Monday   ,24673.0
Stearns MacFeather,Monday   ,14140.0
Morningstar Greene,Thursday ,16099.0
Dirk Stringer,Saturday ,19401.0
Albert Ringer,Thursday ,42551.0
Reginald Blotchet-Halls,Wednesday,24060.0
Michael O'Leary,Monday   ,20565.0
Sheryl Hunter,Friday   ,19195.0
Dirk Stringer,Wednesday,11721.0
Meander Smith,Friday   ,7760.0
Reginald Blotchet-Halls,Friday   ,28561.0
Abraham Bennet,Monday   ,39807.0
Johnson White,Tuesday  ,43084.0
Michael O'Leary,Tuesday  ,19057.0
Reginald Blotchet-Halls,Friday   ,22440.0
Meander Smith,Thursday ,12286.0
Marjorie Green,Tuesday  ,33760.0
Burt Gringlesby,Tuesday  ,21731.0
Ann Dull,Thursday ,33511.0
Stearns MacFeather,Sunday   ,15686.0
Livia Karsen,Thursday ,13408.0
Meander Smith,Tuesday  ,11228.0
Michel DeFrance,Saturday ,24218.0
Ann Dull,Wednesday,30382.0
Burt Gringlesby,Tuesday  ,19464.0
Johnson White,Monday   ,48342.0
Ann Dull,Thursday ,38038.0
Sheryl Hunter,Thursday ,19583.0
Michel DeFrance,Wednesday,25495.0
Ann Dull,Tuesday  ,39798.0
Ann Dull,Tuesday  ,41828.0
Johnson White,Wednesday,26793.0
Meander Smith,Monday   ,13152.0
Livia Karsen,Saturday ,15338.0
Albert Ringer,Friday   ,36178.0
Marjorie Green,Saturday ,34148.0
Johnson White,Thursday ,31802.0
Ann Dull,Friday   ,39142.0
Cheryl Carson,Thursday ,11004.0
Burt Gringlesby,Monday   ,23450.0
Albert Ringer,Wednesday,31602.0
Stearns MacFeather,Wednesday,19254.0
Michel DeFrance,Tuesday  ,21492.0
Abraham Bennet,Sunday   ,53257.0
Michael O'Leary,Tuesday  ,19140.0
Heather McBadden,Wednesday,13995.0
Innes del Castillo,Tuesday  ,20067.0
Michel DeFrance,Saturday ,30157.0
Sheryl Hunter,Friday   ,19928.0
Meander Smith,Sunday   ,11987.0
Stearns MacFeather,Thursday ,16377.0
Livia Karsen,Wednesday,11293.0
Cheryl Carson,Tuesday  ,16573.0
Johnson White,Tuesday  ,27692.0
Sheryl Hunter,Saturday ,15945.0
Abraham Bennet,Thursday ,50065.0
Charlene Locksley,Thursday ,26751.0
Heather McBadden,Saturday ,21596.0
Johnson White,Sunday   ,30471.0
Dirk Stringer,Wednesday,11106.0
Ann Dull,Saturday ,30566.0
Charlene Locksley,Monday   ,24554.0
Abraham Bennet,Thursday ,45866.0
Meander Smith,Wednesday,13493.0
Meander Smith,Thursday ,13221.0
Abraham Bennet,Friday   ,49825.0
Morningstar Greene,Wednesday,16339.0
Livia Karsen,Wednesday,14556.0
Reginald Blotchet-Halls,Thursday ,19837.0
Anne Ringer,Thursday ,11797.0
Livia Karsen,Saturday ,9270.0
Heather McBadden,Sunday   ,17189.0
Cheryl Carson,Saturday ,19564.0
Dirk Stringer,Monday   ,17034.0
Morningstar Greene,Saturday ,13726.0
Albert Ringer,Tuesday  ,38943.0
Meander Smith,Monday   ,10312.0
Ann Dull,Wednesday,37233.0
Abraham Bennet,Monday   ,41472.0
Reginald Blotchet-Halls,Wednesday,22218.0
Innes del Castillo,Monday   ,28864.0
Meander Smith,Friday   ,12673.0
Sheryl Hunter,Tuesday  ,17122.0
Heather McBadden,Wednesday,16953.0
Marjorie Green,Wednesday,27713.0
Sylvia Panteley,Saturday ,15363.0
Heather McBadden,Thursday ,25021.0
Livia Karsen,Monday   ,13946.0
Burt Gringlesby,Thursday ,21390.0
Ann Dull,Wednesday,28869.0
Stearns MacFeather,Thursday ,10546.0
Albert Ringer,Thursday ,29303.0
Charlene Locksley,Saturday ,25034.0
Albert Ringer,Friday   ,19278.0
Michael O'Leary,Saturday ,19938.0
Johnson White,Friday   ,38196.0
Heather McBadden,Saturday ,17920.0
Marjorie Green,Tuesday  ,26185.0
Stearns MacFeather,Saturday ,16866.0
Morningstar Greene,Sunday   ,20182.0
Livia Karsen,Wednesday,13489.0
Marjorie Green,Monday   ,34065.0
Marjorie Green,Thursday ,31392.0
Sheryl Hunter,Tuesday  ,19235.0
Livia Karsen,Saturday ,12477.0
Abraham Bennet,Wednesday,53040.0
Cheryl Carson,Thursday ,17986.0
Sheryl Hunter,Tuesday  ,19889.0
Cheryl Carson,Wednesday,16243.0
Stearns MacFeather,Friday   ,13709.0
Sylvia Panteley,Wednesday,14280.0
Cheryl Carson,Saturday ,15165.0
Innes del Castillo,Sunday   ,31447.0
Marjorie Green,Thursday ,36869.0
Burt Gringlesby,Friday   ,20875.0
Cheryl Carson,Tuesday  ,12335.0
Johnson White,Tuesday  ,24569.0
Michel DeFrance,Thursday ,34686.0
Charlene Locksley,Monday   ,19052.0
Ann Dull,Saturday ,42369.0
Johnson White,Monday   ,39823.0
Johnson White,Sunday   ,31324.0
Stearns MacFeather,Friday   ,18282.0
Marjorie Green,Thursday ,28947.0
Innes del Castillo,Thursday ,16515.0
Sylvia Panteley,Friday   ,18330.0
Meander Smith,Sunday   ,7833.0
Meander Smith,Sunday   ,11228.0
Marjorie Green,Saturday ,36007.0
Cheryl Carson,Friday   ,21744.0
Michel DeFrance,Thursday ,34598.0
Morningstar Greene,Friday   ,14665.0
Abraham Bennet,Friday   ,63619.0
Heather McBadden,Wednesday,16517.0
Morningstar Greene,Thursday ,15766.0
Michael O'Leary,Thursday ,17170.0
Anne Ringer,Saturday ,7968.0
Livia Karsen,Monday   ,7710.0
Marjorie Green,Sunday   ,28673.0
Cheryl Carson,Saturday ,14104.0
Burt Gringlesby,Sunday   ,24973.0
Dean Straight,Sunday   ,14756.0
Dean Straight,Thursday ,24006.0
Charlene Locksley,Thursday ,27212.0
Dean Straight,Friday   ,19806.0
Stearns MacFeather,Monday   ,17865.0
Stearns MacFeather,Saturday ,16058.0
Sylvia Panteley,Tuesday  ,18134.0
Stearns MacFeather,Friday   ,15185.0
Reginald Blotchet-Halls,Tuesday  ,25926.0
Innes del Castillo,Saturday ,19960.0
Burt Gringlesby,Friday   ,17106.0
Innes del Castillo,Sunday   ,25734.0
Michael O'Leary,Wednesday,25783.0
Charlene Locksley,Friday   ,21871.0
Marjorie Green,Tuesday  ,30134.0
Michel DeFrance,Friday   ,31185.0
Heather McBadden,Friday   ,15832.0
Stearns MacFeather,Monday   ,14173.0
Dirk Stringer,Friday   ,17871.0
Anne Ringer,Saturday ,12610.0
Anne Ringer,Monday   ,14458.0
Johnson White,Monday   ,35960.0
Johnson White,Tuesday  ,38417.0
Cheryl Carson,Friday   ,9638.0
Michel DeFrance,Friday   ,32834.0
Albert Ringer,Tuesday  ,22026.0
Anne Ringer,Friday   ,13985.0
Burt Gringlesby,Thursday ,19205.0
Livia Karsen,Monday   ,10754.0
Johnson White,Monday   ,31855.0
Sheryl Hunter,Friday   ,26492.0
Abraham Bennet,Thursday ,64205.0
Heather McBadden,Monday   ,17860.0
Ann Dull,Tuesday  ,31015.0
Sheryl Hunter,Sunday   ,14854.0
Michael O'Leary,Tuesday  ,15326.0
Stearns MacFeather,Wednesday,17897.0
Dirk Stringer,Wednesday,15654.0
Dirk Stringer,Saturday ,11538.0
Meander Smith,Thursday ,16827.0
Anne Ringer,Tuesday  ,13645.0
Johnson White,Wednesday,39136.0
Cheryl Carson,Monday   ,13859.0
Michel DeFrance,Saturday ,31381.0
Innes del Castillo,Wednesday,33266.0
Michel DeFrance,Sunday   ,21231.0
Michael O'Leary,Wednesday,19848.0
Morningstar Greene,Friday   ,18431.0
Michel DeFrance,Monday   ,23624.0
Morningstar Greene,Monday   ,12693.0
Sylvia Panteley,Wednesday,16292.0
Sheryl Hunter,Saturday ,17914.0
Michel DeFrance,Thursday ,26542.0
Innes del Castillo,Wednesday,25527.0
Michel DeFrance,Friday   ,26852.0
Johnson White,Friday   ,33459.0
Sheryl Hunter,Thursday ,14903.0
Meander Smith,Sunday   ,10228.0
Innes del Castillo,Friday   ,13697.0
Stearns MacFeather,Monday   ,19150.0
Livia Karsen,Thursday ,18774.0
Sheryl Hunter,Monday   ,16428.0
Dean Straight,Sunday   ,21660.0
Sheryl Hunter,Wednesday,12106.0
Michael O'Leary,Wednesday,21056.0
Ann Dull,Tuesday  ,36829.0
Heather McBadden,Monday   ,20640.0
Michael O'Leary,Saturday ,31224.0
Sheryl Hunter,Thursday ,17697.0
Johnson White,Sunday   ,27807.0
Meander Smith,Sunday   ,11872.0
Michel DeFrance,Friday   ,30603.0
Stearns MacFeather,Wednesday,19587.0
Albert Ringer,Wednesday,43277.0
Heather McBadden,Saturday ,22498.0
Heather McBadden,Thursday ,16748.0
Sheryl Hunter,Saturday ,14897.0
Dirk Stringer,Tuesday  ,18906.0
Innes del Castillo,Friday   ,24799.0
Michel DeFrance,Wednesday,18145.0
Sylvia Panteley,Monday   ,22327.0
Heather McBadden,Tuesday  ,19631.0
Albert Ringer,Tuesday  ,32602.0
Anne Ringer,Tuesday  ,14606.0
Ann Dull,Monday   ,43790.0
Morningstar Greene,Thursday ,19185.0
Michel DeFrance,Wednesday,29889.0
Marjorie Green,Thursday ,35733.0
Dirk Stringer,Wednesday,13569.0
Innes del Castillo,Tuesday  ,18465.0
Ann Dull,Saturday ,36014.0
Burt Gringlesby,Saturday ,24194.0
Meander Smith,Sunday   ,10247.0
Michael O'Leary,Friday   ,22368.0
Abraham Bennet,Sunday   ,57772.0
Cheryl Carson,Sunday   ,16343.0
Sheryl Hunter,Monday   ,22551.0
Reginald Blotchet-Halls,Monday   ,26849.0
Dirk Stringer,Sunday   ,16716.0
Anne Ringer,Friday   ,10097.0
Dean Straight,Tuesday  ,21902.0
Sheryl Hunter,Thursday ,10351.0
Albert Ringer,Thursday ,29291.0
Michael O'Leary,Friday   ,19218.0
Michel DeFrance,Tuesday  ,25572.0
Abraham Bennet,Monday   ,46436.0
Reginald Blotchet-Halls,Saturday ,19341.0
Livia Karsen,Friday   ,18428.0
Marjorie Green,Sunday   ,35367.0
Michel DeFrance,Monday   ,26323.0
Ann Dull,Sunday   ,29865.0
Michel DeFrance,Sunday   ,27071.0
Abraham Bennet,Friday   ,52521.0
Albert Ringer,Monday   ,29492.0
Morningstar Greene,Sunday   ,13400.0
Michel DeFrance,Wednesday,21535.0
Meander Smith,Thursday ,7668.0
Dirk Stringer,Friday   ,13113.0
Charlene Locksley,Monday   ,23320.0
Burt Gringlesby,Sunday   ,21275.0
Michael O'Leary,Monday   ,23961.0
Marjorie Green,Sunday   ,33172.0
Sheryl Hunter,Wednesday,20158.0
Michael O'Leary,Saturday ,17389.0
Innes del Castillo,Monday   ,30080.0
Sylvia Panteley,Monday   ,17962.0
Marjorie Green,Monday   ,27594.0
Meander Smith,Friday   ,9247.0
Stearns MacFeather,Thursday ,14336.0
Morningstar Greene,Tuesday  ,17807.0
Dean Straight,Tuesday  ,23799.0
Reginald Blotchet-Halls,Tuesday  ,27221.0
Burt Gringlesby,Thursday ,22604.0
Michael O'Leary,Wednesday,29064.0
Heather McBadden,Wednesday,17198.0
Sheryl Hunter,Monday   ,15695.0
Michael O'Leary,Wednesday,20696.0
Heather McBadden,Thursday ,24983.0
Sheryl Hunter,Saturday ,17868.0
Sheryl Hunter,Thursday ,18926.0
Meander Smith,Thursday ,11366.0
Sylvia Panteley,Sunday   ,21975.0
Abraham Bennet,Tuesday  ,42285.0
Cheryl Carson,Wednesday,14034.0
Heather McBadden,Thursday ,27293.0
Reginald Blotchet-Halls,Sunday   ,16998.0
Michael O'Leary,Tuesday  ,20788.0
Sylvia Panteley,Tuesday  ,23504.0
Burt Gringlesby,Thursday ,16953.0
Burt Gringlesby,Friday   ,26393.0
Abraham Bennet,Sunday   ,38393.0
Albert Ringer,Saturday ,23216.0
Livia Karsen,Tuesday  ,12350.0
Morningstar Greene,Wednesday,22791.0
Michael O'Leary,Thursday ,17112.0
Heather McBadden,Thursday ,21466.0
Meander Smith,Friday   ,11485.0
Stearns MacFeather,Sunday   ,16370.0
Michael O'Leary,Tuesday  ,20085.0
Burt Gringlesby,Friday   ,24545.0
Reginald Blotchet-Halls,Thursday ,18806.0
Cheryl Carson,Friday   ,19544.0
Marjorie Green,Wednesday,27622.0
Ann Dull,Tuesday  ,27576.0
Ann Dull,Thursday ,35358.0
Sheryl Hunter,Sunday   ,15080.0
Michael O'Leary,Monday   ,17084.0
Abraham Bennet,Thursday ,55104.0
Livia Karsen,Friday   ,13361.0
Dirk Stringer,Friday   ,16173.0
Charlene Locksley,Wednesday,27969.0
Cheryl Carson,Thursday ,12988.0
Innes del Castillo,Saturday ,27244.0
Anne Ringer,Saturday ,8722.0
Albert Ringer,Friday   ,31244.0
Meander Smith,Saturday ,9132.0
Stearns MacFeather,Monday   ,12901.0
Albert Ringer,Sunday   ,41857.0
Michel DeFrance,Saturday ,21853.0
Dirk Stringer,Saturday ,21693.0
Reginald Blotchet-Halls,Sunday   ,17763.0
Johnson White,Saturday ,36654.0
Charlene Locksley,Sunday   ,21652.0
Dean Straight,Saturday ,11333.0
Heather McBadden,Wednesday,18100.0
Meander Smith,Tuesday  ,12761.0
Morningstar Greene,Monday   ,15136.0
Burt Gringlesby,Thursday ,22411.0
Anne Ringer,Friday   ,10984.0
Innes del Castillo,Thursday ,20562.0
Meander Smith,Wednesday,10385.0
Dirk Stringer,Sunday   ,16233.0
Cheryl Carson,Tuesday  ,15366.0
Abraham Bennet,Sunday   ,52990.0
Michel DeFrance,Tuesday  ,21258.0
Sylvia Panteley,Wednesday,24095.0
Stearns MacFeather,Tuesday  ,16913.0
Dean Straight,Monday   ,20965.0
Michael O'Leary,Tuesday  ,19293.0
Anne Ringer,Monday   ,11250.0
Cheryl Carson,Saturday ,13842.0
Heather McBadden,Friday   ,18657.0
Johnson White,Thursday ,26659.0
Dean Straight,Thursday ,22569.0
Reginald Blotchet-Halls,Friday   ,20539.0
Johnson White,Wednesday,36490.0
Morningstar Greene,Wednesday,13148.0
Charlene Locksley,Friday   ,25945.0
Anne Ringer,Thursday ,10171.0
Sylvia Panteley,Monday   ,12622.0
Michel DeFrance,Friday   ,30138.0
Charlene Locksley,Monday   ,25898.0
Albert Ringer,Sunday   ,31418.0
Cheryl Carson,Tuesday  ,14624.0
Sheryl Hunter,Sunday   ,19980.0
Sylvia Panteley,Sunday   ,18026.0
Abraham Bennet,Monday   ,55141.0
Dirk Stringer,Tuesday  ,15573.0
Meander Smith,Monday   ,9772.0
Ann Dull,Thursday ,37043.0
Morningstar Greene,Wednesday,17791.0
Sheryl Hunter,Friday   ,13839.0
Anne Ringer,Sunday   ,10703.0
Burt Gringlesby,Wednesday,25344.0
Stearns MacFeather,Saturday ,13800.0
Michel DeFrance,Wednesday,23175.0
Reginald Blotchet-Halls,Friday   ,20928.0
Innes del Castillo,Thursday ,23148.0
Livia Karsen,Thursday ,12706.0
Meander Smith,Saturday ,9753.0
Michael O'Leary,Sunday   ,20936.0
Anne Ringer,Thursday ,13305.0
Reginald Blotchet-Halls,Tuesday  ,15081.0
Cheryl Carson,Monday   ,11725.0
Dean Straight,Tuesday  ,18901.0
Reginald Blotchet-Halls,Monday   ,15660.0
Charlene Locksley,Friday   ,26567.0
Michael O'Leary,Tuesday  ,26918.0
Ann Dull,Thursday ,34771.0
Reginald Blotchet-Halls,Thursday ,16661.0
Charlene Locksley,Tuesday  ,27753.0
Livia Karsen,Monday   ,12787.0
Marjorie Green,Tuesday  ,19750.0
Reginald Blotchet-Halls,Friday   ,27798.0
Livia Karsen,Thursday ,13107.0
Michael O'Leary,Saturday ,20779.0
Burt Gringlesby,Tuesday  ,20406.0
Meander Smith,Saturday ,10339.0
Reginald Blotchet-Halls,Monday   ,18152.0
Anne Ringer,Tuesday  ,13039.0
Ann Dull,Monday   ,36841.0
Burt Gringlesby,Friday   ,30303.0
Heather McBadden,Sunday   ,18343.0
Anne Ringer,Friday   ,14665.0
Anne Ringer,Sunday   ,10984.0
Stearns MacFeather,Thursday ,9809.0
Dean Straight,Friday   ,21273.0
Abraham Bennet,Saturday ,43876.0
Heather McBadden,Monday   ,21164.0
Anne Ringer,Wednesday,11531.0
Sylvia Panteley,Friday   ,18585.0
Albert Ringer,Wednesday,27757.0
Stearns MacFeather,Wednesday,21106.0
Johnson White,Saturday ,32141.0
Reginald Blotchet-Halls,Monday   ,24936.0
Burt Gringlesby,Monday   ,17716.0
Johnson White,Tuesday  ,27167.0
Heather McBadden,Sunday   ,19667.0
Livia Karsen,Friday   ,13052.0
Livia Karsen,Friday   ,13570.0
Livia Karsen,Tuesday  ,15877.0
Dean Straight,Friday   ,23307.0
Cheryl Carson,Thursday ,15231.0
Sheryl Hunter,Thursday ,27412.0
Albert Ringer,Monday   ,29642.0
Abraham Bennet,Tuesday  ,51493.0
Meander Smith,Monday   ,9814.0
Charlene Locksley,Monday   ,22458.0
Sylvia Panteley,Sunday   ,24923.0
Heather McBadden,Tuesday  ,16273.0
Charlene Locksley,Wednesday,29501.0
Innes del Castillo,Saturday ,28540.0
Michael O'Leary,Friday   ,22250.0
Johnson White,Thursday ,29804.0
Albert Ringer,Tuesday  ,33625.0
Ann Dull,Monday   ,31331.0
Charlene Locksley,Wednesday,26545.0
Heather McBadden,Monday   ,22407.0
Meander Smith,Saturday ,12447.0
Heather McBadden,Sunday   ,21362.0
Albert Ringer,Thursday ,35919.0
Morningstar Greene,Saturday ,14988.0
Heather McBadden,Thursday ,13504.0
Dirk Stringer,Monday   ,17310.0
Morningstar Greene,Monday   ,16501.0
Dirk Stringer,Tuesday  ,15648.0
Abraham Bennet,Monday   ,46766.0
Stearns MacFeather,Monday   ,12411.0
Meander Smith,Tuesday  ,12420.0
Stearns MacFeather,Sunday   ,17284.0
Marjorie Green,Saturday ,25269.0
Ann Dull,Monday   ,41512.0
Meander Smith,Thursday ,8128.0
Morningstar Greene,Wednesday,18477.0
Morningstar Greene,Friday   ,20712.0
Charlene Locksley,Wednesday,24530.0
Sylvia Panteley,Friday   ,15504.0
Dean Straight,Monday   ,15825.0
Abraham Bennet,Saturday ,50808.0
Charlene Locksley,Wednesday,21560.0
Dean Straight,Thursday ,24426.0
Anne Ringer,Monday   ,8249.0
Michel DeFrance,Saturday ,28317.0
Albert Ringer,Monday   ,39396.0
Burt Gringlesby,Tuesday  ,23589.0
Dean Straight,Monday   ,18044.0
Ann Dull,Friday   ,29134.0
Michael O'Leary,Saturday ,22979.0
Sheryl Hunter,Tuesday  ,20313.0
Michel DeFrance,Tuesday  ,37757.0
Michael O'Leary,Tuesday  ,24321.0
Sylvia Panteley,Sunday   ,22741.0
Stearns MacFeather,Wednesday,19194.0
Livia Karsen,Tuesday  ,6454.0
Anne Ringer,Thursday ,11309.0
Cheryl Carson,Friday   ,12614.0
Dean Straight,Wednesday,22575.0
Dean Straight,Thursday ,17726.0
Morningstar Greene,Thursday ,12649.0
Abraham Bennet,Tuesday  ,48096.0
Michael O'Leary,Friday   ,19371.0
Michel DeFrance,Tuesday  ,22616.0
Charlene Locksley,Monday   ,30329.0
Sheryl Hunter,Saturday ,17798.0
Charlene Locksley,Thursday ,23265.0
Livia Karsen,Sunday   ,7913.0
Albert Ringer,Saturday ,26716.0
Morningstar Greene,Friday   ,15219.0
Heather McBadden,Friday   ,23736.0
Stearns MacFeather,Monday   ,25086.0
Marjorie Green,Monday   ,25706.0
Livia Karsen,Saturday ,9600.0
Charlene Locksley,Sunday   ,24865.0
Abraham Bennet,Tuesday  ,57355.0
Marjorie Green,Sunday   ,28015.0
Marjorie Green,Monday   ,25512.0
Sheryl Hunter,Thursday ,19659.0
Michel DeFrance,Saturday ,32243.0
Innes del Castillo,Tuesday  ,26455.0
Morningstar Greene,Friday   ,15687.0
Burt Gringlesby,Sunday   ,33006.0
Sylvia Panteley,Saturday ,14287.0
Charlene Locksley,Tuesday  ,20950.0
Stearns MacFeather,Thursday ,17963.0
Dean Straight,Tuesday  ,15757.0
Reginald Blotchet-Halls,Wednesday,16442.0
Sylvia Panteley,Saturday ,21147.0
Innes del Castillo,Sunday   ,19599.0
Charlene Locksley,Sunday   ,19766.0
Johnson White,Saturday ,33549.0
Heather McBadden,Tuesday  ,24630.0
Dirk Stringer,Friday   ,16215.0
Heather McBadden,Monday   ,18780.0
Ann Dull,Thursday ,38538.0
Heather McBadden,Saturday ,16789.0
Johnson White,Tuesday  ,24540.0
Johnson White,Sunday   ,28769.0
Livia Karsen,Tuesday  ,12396.0
Ann Dull,Sunday   ,31170.0
Michael O'Leary,Monday   ,23125.0
Charlene Locksley,Tuesday  ,22631.0
Reginald Blotchet-Halls,Sunday   ,19103.0
Meander Smith,Wednesday,13347.0
Stearns MacFeather,Sunday   ,19150.0
Michel DeFrance,Friday   ,24173.0
Cheryl Carson,Sunday   ,16806.0
Michel DeFrance,Tuesday  ,30530.0
Dirk Stringer,Saturday ,18774.0
Meander Smith,Wednesday,9787.0
Meander Smith,Monday   ,12922.0
Dirk Stringer,Tuesday  ,16401.0
Sylvia Panteley,Friday   ,21066.0
Livia Karsen,Thursday ,11303.0
Michel DeFrance,Sunday   ,34394.0
Heather McBadden,Saturday ,21813.0
Dean Straight,Wednesday,14566.0
Innes del Castillo,Wednesday,24548.0
Morningstar Greene,Tuesday  ,17468.0
Abraham Bennet,Monday   ,52897.0
Livia Karsen,Monday   ,10983.0
Reginald Blotchet-Halls,Thursday ,17968.0
Michel DeFrance,Tuesday  ,26661.0
Ann Dull,Sunday   ,26471.0
Stearns MacFeather,Tuesday  ,19313.0
Morningstar Greene,Saturday ,18982.0
Michel DeFrance,Saturday ,29951.0
Anne Ringer,Tuesday  ,8737.0
Sylvia Panteley,Sunday   ,21595.0
Stearns MacFeather,Sunday   ,16097.0
Burt Gringlesby,Thursday ,18283.0
Michel DeFrance,Friday   ,27628.0
Charlene Locksley,Sunday   ,25394.0
Burt Gringlesby,Wednesday,30040.0
Johnson White,Tuesday  ,27166.0
Stearns MacFeather,Saturday ,16840.0
Marjorie Green,Tuesday  ,37992.0
Michael O'Leary,Thursday ,23897.0
Burt Gringlesby,Monday   ,19016.0
Ann Dull,Saturday ,33965.0
Michael O'Leary,Monday   ,27167.0
Michael O'Leary,Friday   ,22067.0
Johnson White,Thursday ,28102.0
Marjorie Green,Friday   ,31691.0
Cheryl Carson,Monday   ,17226.0
Marjorie Green,Friday   ,28991.0
Johnson White,Friday   ,40741.0
Sylvia Panteley,Tuesday  ,16030.0
Michael O'Leary,Thursday ,17387.0
Morningstar Greene,Tuesday  ,19148.0
Dean Straight,Saturday ,24771.0
Dirk Stringer,Tuesday  ,15648.0
Marjorie Green,Wednesday,28478.0
Reginald Blotchet-Halls,Sunday   ,19243.0
Meander Smith,Thursday ,8860.0
Livia Karsen,Sunday   ,10373.0
Cheryl Carson,Friday   ,20809.0
Sylvia Panteley,Wednesday,27904.0
Anne Ringer,Wednesday,12492.0
Stearns MacFeather,Monday   ,15648.0
Abraham Bennet,Saturday ,49993.0
Anne Ringer,Friday   ,9121.0
Marjorie Green,Monday   ,25011.0
Reginald Blotchet-Halls,Monday   ,15271.0
Innes del Castillo,Tuesday  ,22543.0
Ann Dull,Saturday ,28604.0
Dean Straight,Friday   ,14811.0
Anne Ringer,Thursday ,13364.0
Dirk Stringer,Saturday ,14268.0
Cheryl Carson,Monday   ,18049.0
Morningstar Greene,Friday   ,16653.0
Cheryl Carson,Thursday ,14150.0
Marjorie Green,Saturday ,21048.0
Burt Gringlesby,Friday   ,19095.0
Reginald Blotchet-Halls,Saturday ,23667.0
Marjorie Green,Monday   ,22904.0
Morningstar Greene,Monday   ,16662.0
Dean Straight,Monday   ,23124.0
Innes del Castillo,Sunday   ,28596.0
Ann Dull,Thursday ,34477.0
Sylvia Panteley,Sunday   ,20443.0
Michael O'Leary,Saturday ,21189.0
Anne Ringer,Thursday ,12344.0
Charlene Locksley,Thursday ,25059.0
Sylvia Panteley,Saturday ,18886.0
Sheryl Hunter,Tuesday  ,18367.0
Ann Dull,Tuesday  ,34305.0
Albert Ringer,Friday   ,28158.0
Reginald Blotchet-Halls,Tuesday  ,20533.0
Albert Ringer,Monday   ,20594.0
Charlene Locksley,Tuesday  ,24047.0
Sylvia Panteley,Monday   ,19553.0
Sylvia Panteley,Thursday ,18990.0
Dean Straight,Thursday ,21629.0
Stearns MacFeather,Saturday ,18838.0
Ann Dull,Monday   ,32591.0
Michel DeFrance,Thursday ,18656.0
Dirk Stringer,Saturday ,13053.0
Marjorie Green,Monday   ,31478.0
Cheryl Carson,Wednesday,15808.0
Livia Karsen,Friday   ,10063.0
Sheryl Hunter,Sunday   ,18969.0
Meander Smith,Sunday   ,8925.0
Heather McBadden,Wednesday,18799.0
Livia Karsen,Monday   ,8731.0
Burt Gringlesby,Friday   ,19794.0
Heather McBadden,Sunday   ,20570.0
Albert Ringer,Tuesday  ,34206.0
Albert Ringer,Monday   ,37660.0
Sheryl Hunter,Sunday   ,23258.0
Cheryl Carson,Sunday   ,13349.0
Sheryl Hunter,Tuesday  ,15380.0
Heather McBadden,Sunday   ,14423.0
Stearns MacFeather,Sunday   ,20188.0
Innes del Castillo,Thursday ,30768.0
Johnson White,Saturday ,31390.0
Stearns MacFeather,Tuesday  ,13286.0
Stearns MacFeather,Friday   ,19306.0
Burt Gringlesby,Monday   ,21698.0
Abraham Bennet,Tuesday  ,44376.0
Dirk Stringer,Friday   ,13473.0
Innes del Castillo,Thursday ,17949.0
Johnson White,Thursday ,26266.0
Michael O'Leary,Sunday   ,17853.0
Meander Smith,Friday   ,8814.0
Sylvia Panteley,Sunday   ,16106.0
Michel DeFrance,Thursday ,25012.0
Meander Smith,Monday   ,11002.0
Dirk Stringer,Monday   ,20838.0
Johnson White,Sunday   ,31803.0
Charlene Locksley,Thursday ,24059.0
Cheryl Carson,Monday   ,7630.0
Michael O'Leary,Sunday   ,22864.0
Reginald Blotchet-Halls,Wednesday,21940.0
Sylvia Panteley,Wednesday,19627.0
Ann Dull,Wednesday,37388.0
Charlene Locksley,Wednesday,27361.0
Charlene Locksley,Tuesday  ,20732.0
Morningstar Greene,Monday   ,11508.0
Ann Dull,Thursday ,27156.0
Michel DeFrance,Saturday ,31530.0
Dean Straight,Tuesday  ,25176.0
Sheryl Hunter,Friday   ,22564.0
Dean Straight,Thursday ,20551.0
Dean Straight,Wednesday,12802.0
Heather McBadden,Friday   ,19968.0
Marjorie Green,Wednesday,35262.0
Meander Smith,Friday   ,12060.0
Innes del Castillo,Monday   ,20256.0
Meander Smith,Tuesday  ,13060.0
Dirk Stringer,Thursday ,19947.0
Albert Ringer,Tuesday  ,38960.0
Johnson White,Monday   ,27394.0
Dirk Stringer,Thursday ,12348.0
Livia Karsen,Sunday   ,15923.0
Michel DeFrance,Sunday   ,36108.0
Sheryl Hunter,Monday   ,16514.0
Charlene Locksley,Sunday   ,21237.0
Albert Ringer,Sunday   ,25112.0
Charlene Locksley,Friday   ,22883.0
Burt Gringlesby,Saturday ,22181.0
Morningstar Greene,Wednesday,18126.0
Johnson White,Sunday   ,27487.0
Morningstar Greene,Monday   ,22099.0
Johnson White,Sunday   ,42390.0
Cheryl Carson,Friday   ,15029.0
Abraham Bennet,Saturday ,40254.0
Abraham Bennet,Friday   ,48153.0
Charlene Locksley,Thursday ,22699.0
Innes del Castillo,Saturday ,22959.0
Stearns MacFeather,Monday   ,16130.0
Dean Straight,Wednesday,19047.0
Sylvia Panteley,Monday   ,17877.0
Cheryl Carson,Friday   ,15107.0
Anne Ringer,Thursday ,13290.0
Dean Straight,Wednesday,15955.0
Johnson White,Friday   ,42414.0
Sylvia Panteley,Tuesday  ,14492.0
Livia Karsen,Saturday ,14510.0
Charlene Locksley,Saturday ,31459.0
Ann Dull,Wednesday,29134.0
Ann Dull,Sunday   ,41949.0
Sheryl Hunter,Friday   ,18936.0
Burt Gringlesby,Saturday ,26218.0
Stearns MacFeather,Tuesday  ,16070.0
Albert Ringer,Tuesday  ,32143.0
Cheryl Carson,Sunday   ,9953.0
Dean Straight,Friday   ,16843.0
Abraham Bennet,Sunday   ,57330.0
Burt Gringlesby,Thursday ,21666.0
Johnson White,Thursday ,32967.0
Heather McBadden,Friday   ,20809.0
Innes del Castillo,Sunday   ,18937.0
Cheryl Carson,Saturday ,15151.0
Dean Straight,Sunday   ,24187.0
Ann Dull,Friday   ,38186.0
Dirk Stringer,Wednesday,26571.0
Stearns MacFeather,Friday   ,13253.0
Marjorie Green,Tuesday  ,29522.0
Livia Karsen,Thursday ,15212.0
Reginald Blotchet-Halls,Tuesday  ,23717.0
Dirk Stringer,Sunday   ,13329.0
Johnson White,Tuesday  ,39408.0
Anne Ringer,Friday   ,8663.0
Burt Gringlesby,Sunday   ,29690.0
Michel DeFrance,Friday   ,27812.0
Anne Ringer,Wednesday,14251.0
Johnson White,Tuesday  ,31987.0
Innes del Castillo,Thursday ,28501.0
Cheryl Carson,Friday   ,16712.0
Charlene Locksley,Tuesday  ,25323.0
Dean Straight,Tuesday  ,18553.0
Albert Ringer,Thursday ,30452.0
Johnson White,Sunday   ,38576.0
Livia Karsen,Tuesday  ,12304.0
Heather McBadden,Monday   ,19406.0
Sylvia Panteley,Thursday ,16304.0
Sheryl Hunter,Friday   ,17828.0
Innes del Castillo,Sunday   ,16500.0
Burt Gringlesby,Saturday ,19988.0
Heather McBadden,Sunday   ,21376.0
Johnson White,Monday   ,39596.0
Dirk Stringer,Thursday ,17139.0
Dean Straight,Saturday ,19275.0
Stearns MacFeather,Thursday ,13312.0
Dean Straight,Thursday ,27381.0
Stearns MacFeather,Wednesday,13397.0
Dirk Stringer,Monday   ,15909.0
Innes del Castillo,Saturday ,19584.0
Abraham Bennet,Wednesday,49889.0
Anne Ringer,Friday   ,12285.0
Sheryl Hunter,Monday   ,20142.0
Burt Gringlesby,Wednesday,24305.0
Reginald Blotchet-Halls,Sunday   ,21689.0
Charlene Locksley,Tuesday  ,31010.0
Johnson White,Thursday ,34262.0
Morningstar Greene,Tuesday  ,15687.0
Marjorie Green,Monday   ,34238.0
Charlene Locksley,Sunday   ,23769.0
Innes del Castillo,Sunday   ,22170.0
Burt Gringlesby,Monday   ,19648.0
Innes del Castillo,Thursday ,21990.0
Livia Karsen,Wednesday,15841.0
Dirk Stringer,Wednesday,14706.0
Charlene Locksley,Tuesday  ,24231.0
Cheryl Carson,Sunday   ,13019.0
Michael O'Leary,Friday   ,27979.0
Michel DeFrance,Wednesday,25166.0
Stearns MacFeather,Tuesday  ,15289.0
Dirk Stringer,Wednesday,20355.0
Heather McBadden,Tuesday  ,14819.0
Michael O'Leary,Sunday   ,23556.0
Ann Dull,Saturday ,36191.0
Stearns MacFeather,Tuesday  ,17303.0
Livia Karsen,Tuesday  ,5824.0
Sheryl Hunter,Wednesday,20573.0
Cheryl Carson,Saturday ,9997.0
Stearns MacFeather,Tuesday  ,17956.0
Innes del Castillo,Saturday ,22949.0
Livia Karsen,Wednesday,8787.0
Morningstar Greene,Sunday   ,19751.0
Cheryl Carson,Friday   ,17896.0
Albert Ringer,Thursday ,36218.0
Anne Ringer,Sunday   ,8855.0
Michel DeFrance,Saturday ,22320.0
Stearns MacFeather,Thursday ,12021.0
Innes del Castillo,Monday   ,20547.0
Reginald Blotchet-Halls,Saturday ,17391.0
Morningstar Greene,Thursday ,20490.0
Dean Straight,Friday   ,21457.0
Innes del Castillo,Wednesday,17545.0
Innes del Castillo,Friday   ,24380.0
Michel DeFrance,Friday   ,28766.0
Albert Ringer,Sunday   ,30067.0
Albert Ringer,Sunday   ,36194.0
Meander Smith,Monday   ,7400.0
Cheryl Carson,Wednesday,14075.0
Morningstar Greene,Sunday   ,15410.0
Morningstar Greene,Sunday   ,15542.0
Marjorie Green,Monday   ,32505.0
Abraham Bennet,Wednesday,55671.0
Dean Straight,Tuesday  ,26789.0
Ann Dull,Monday   ,32545.0
Albert Ringer,Friday   ,37661.0
Innes del Castillo,Thursday ,24142.0
Michael O'Leary,Wednesday,19681.0
Albert Ringer,Thursday ,25433.0
Abraham Bennet,Thursday ,56124.0
Sylvia Panteley,Saturday ,20747.0
Michael O'Leary,Wednesday,22436.0
Marjorie Green,Monday   ,37799.0
Burt Gringlesby,Thursday ,21215.0
Dean Straight,Thursday ,18450.0
Michael O'Leary,Thursday ,20911.0
Innes del Castillo,Wednesday,22228.0
Dean Straight,Sunday   ,22106.0
Stearns MacFeather,Sunday   ,12836.0
Meander Smith,Friday   ,11707.0
Livia Karsen,Sunday   ,10390.0
Abraham Bennet,Friday   ,53588.0
Cheryl Carson,Wednesday,13255.0
Anne Ringer,Tuesday  ,14606.0
Abraham Bennet,Monday   ,45108.0
Sheryl Hunter,Thursday ,18318.0
Michael O'Leary,Saturday ,25234.0
Charlene Locksley,Sunday   ,25554.0
Dean Straight,Monday   ,22123.0
Ann Dull,Thursday ,32125.0
Dean Straight,Saturday ,26064.0
Dean Straight,Monday   ,22348.0
Albert Ringer,Thursday ,29459.0
Charlene Locksley,Sunday   ,19120.0
Heather McBadden,Tuesday  ,16144.0
Reginald Blotchet-Halls,Tuesday  ,16423.0
Michel DeFrance,Thursday ,28126.0
Morningstar Greene,Monday   ,14819.0
Michael O'Leary,Sunday   ,14758.0
Livia Karsen,Thursday ,10490.0
Meander Smith,Monday   ,9626.0
Albert Ringer,Friday   ,36994.0
Burt Gringlesby,Saturday ,16507.0
Johnson White,Wednesday,23397.0
Dean Straight,Monday   ,19482.0
Albert Ringer,Saturday ,32504.0
Johnson White,Sunday   ,26180.0
Abraham Bennet,Saturday ,53854.0
Abraham Bennet,Wednesday,44862.0
Marjorie Green,Friday   ,38291.0
Michael O'Leary,Saturday ,19892.0
Abraham Bennet,Monday   ,52696.0
Reginald Blotchet-Halls,Wednesday,24451.0
Abraham Bennet,Sunday   ,52348.0
Burt Gringlesby,Sunday   ,26058.0
Sheryl Hunter,Saturday ,18522.0
Anne Ringer,Sunday   ,12211.0
Livia Karsen,Saturday ,17784.0
Michael O'Leary,Thursday ,28958.0
Morningstar Greene,Saturday ,18604.0
Sheryl Hunter,Sunday   ,16563.0
Dirk Stringer,Friday   ,12327.0
Morningstar Greene,Saturday ,15612.0
Sheryl Hunter,Monday   ,13848.0
Sylvia Panteley,Friday   ,29326.0
Dean Straight,Thursday ,19743.0
Charlene Locksley,Saturday ,33680.0
Sylvia Panteley,Tuesday  ,22887.0
Reginald Blotchet-Halls,Wednesday,18229.0
Albert Ringer,Wednesday,32533.0
Meander Smith,Thursday ,13167.0
Reginald Blotchet-Halls,Sunday   ,23997.0
Burt Gringlesby,Monday   ,21583.0
