seller,day_of_week,income,Num day of week
Sheryl Hunter,Wednesday,140290965,3
Dirk Stringer,Saturday,724561952,6
Sylvia Panteley,Tuesday,99289901,2
Michael O'Leary,Wednesday,134525040,3
Michael O'Leary,Tuesday,125258270,2
Livia Karsen,Tuesday,145696077,2
Meander Smith,Friday,53551957,5
Livia Karsen,Wednesday,156662691,3
Heather McBadden,Friday,245868793,5
Charlene Locksley,Sunday,93745116,7
Abraham Bennet,Wednesday,214842815,3
Dirk Stringer,Thursday,693463720,4
Livia Karsen,Thursday,168820566,4
Dean Straight,Wednesday,168092851,3
Dean Straight,Saturday,176094743,6
Heather McBadden,Monday,293014643,1
Stearns MacFeather,Saturday,27623848,6
Stearns MacFeather,Wednesday,24953854,3
Cheryl Carson,Wednesday,66729906,3
Stearns MacFeather,Sunday,27431434,7
Heather McBadden,Tuesday,267891418,2
Meander Smith,Monday,52160238,1
Marjorie Green,Wednesday,94949352,3
Michel DeFrance,Thursday,481154816,4
Meander Smith,Sunday,56678279,7
Meander Smith,Tuesday,63913954,2
Stearns MacFeather,Monday,30778276,1
Reginald Blotchet-Halls,Tuesday,89298153,2
Heather McBadden,Wednesday,249479672,3
Heather McBadden,Thursday,289587875,4
Livia Karsen,Sunday,137975384,7
Dirk Stringer,Sunday,698820601,7
Charlene Locksley,Wednesday,106731411,3
Stearns MacFeather,Thursday,22585496,4
Albert Ringer,Saturday,359055422,6
Abraham Bennet,Tuesday,259058032,2
Michael O'Leary,Monday,138096277,1
Dean Straight,Tuesday,183459091,2
Michel DeFrance,Friday,473980678,5
Johnson White,Thursday,91715664,4
Charlene Locksley,Thursday,102081557,4
Sheryl Hunter,Thursday,148434253,4
Livia Karsen,Friday,172939429,5
Ann Dull,Monday,39656842,1
Marjorie Green,Tuesday,102488970,2
Albert Ringer,Thursday,405676715,4
Sylvia Panteley,Wednesday,85876350,3
Livia Karsen,Saturday,142421334,6
Stearns MacFeather,Friday,28022436,5
Innes del Castillo,Monday,260992756,1
Morningstar Greene,Monday,67381290,1
Morningstar Greene,Sunday,68473053,7
Abraham Bennet,Saturday,219357051,6
Reginald Blotchet-Halls,Friday,96796981,5
Innes del Castillo,Saturday,245765313,6
Johnson White,Sunday,88933984,7
Michael O'Leary,Friday,142326764,5
Ann Dull,Tuesday,38097807,2
Innes del Castillo,Thursday,247744631,4
Michael O'Leary,Sunday,125981634,7
Burt Gringlesby,Saturday,108212068,6
Abraham Bennet,Friday,233935361,5
Morningstar Greene,Saturday,64598714,6
Sheryl Hunter,Monday,153301531,1
Michel DeFrance,Wednesday,439203900,3
Marjorie Green,Sunday,104815534,7
Johnson White,Saturday,91955960,6
Dirk Stringer,Tuesday,734550037,2
Dean Straight,Thursday,182913507,4
Ann Dull,Sunday,34138287,7
Morningstar Greene,Friday,62929144,5
Ann Dull,Thursday,36627441,4
Abraham Bennet,Sunday,232328748,7
Reginald Blotchet-Halls,Wednesday,80548671,3
Charlene Locksley,Saturday,100507641,6
Innes del Castillo,Sunday,244679491,7
Reginald Blotchet-Halls,Thursday,89971577,4
Marjorie Green,Thursday,90204716,4
Albert Ringer,Sunday,362985486,7
Michel DeFrance,Monday,479584920,1
Cheryl Carson,Friday,80473505,5
Michel DeFrance,Tuesday,467420386,2
Albert Ringer,Wednesday,403718425,3
Anne Ringer,Saturday,48579237,6
Marjorie Green,Saturday,95303142,6
Heather McBadden,Saturday,260891531,6
Albert Ringer,Tuesday,419021705,2
Johnson White,Monday,98560781,1
Marjorie Green,Monday,97539868,1
Charlene Locksley,Tuesday,102419645,2
Anne Ringer,Sunday,49050828,7
Morningstar Greene,Wednesday,64838804,3
Reginald Blotchet-Halls,Sunday,80496472,7
Anne Ringer,Thursday,55678731,4
Albert Ringer,Friday,357492148,5
Sheryl Hunter,Tuesday,163754750,2
Burt Gringlesby,Sunday,112782280,7
Morningstar Greene,Thursday,61407061,4
Livia Karsen,Monday,132386625,1
Marjorie Green,Friday,99954936,5
Albert Ringer,Monday,392378037,1
Michael O'Leary,Saturday,131118669,6
Dirk Stringer,Monday,759341454,1
Dirk Stringer,Wednesday,642376642,3
Sylvia Panteley,Thursday,91590683,4
Cheryl Carson,Thursday,70730736,4
Ann Dull,Wednesday,35589006,3
Anne Ringer,Wednesday,46106241,3
Anne Ringer,Monday,53386960,1
Burt Gringlesby,Wednesday,119047498,3
Abraham Bennet,Thursday,226133920,4
Stearns MacFeather,Tuesday,31056505,2
Innes del Castillo,Wednesday,245730067,3
Burt Gringlesby,Monday,118429815,1
Morningstar Greene,Tuesday,67737440,2
Abraham Bennet,Monday,231845241,1
Meander Smith,Thursday,56688841,4
Dean Straight,Monday,192550177,1
Reginald Blotchet-Halls,Saturday,92451664,6
Burt Gringlesby,Thursday,103250742,4
Michel DeFrance,Sunday,438321488,7
Meander Smith,Wednesday,49655899,3
Michel DeFrance,Saturday,480574641,6
Burt Gringlesby,Tuesday,114454017,2
Anne Ringer,Friday,51753352,5
Innes del Castillo,Friday,231816497,5
Heather McBadden,Sunday,266458384,7
Charlene Locksley,Friday,97761374,5
Innes del Castillo,Tuesday,285473369,2
Sylvia Panteley,Saturday,87097890,6
Burt Gringlesby,Friday,109360163,5
Sylvia Panteley,Monday,96399427,1
Ann Dull,Friday,37433122,5
Cheryl Carson,Monday,77977656,1
Dean Straight,Sunday,176873005,7
Cheryl Carson,Sunday,69553595,7
Sylvia Panteley,Friday,91390800,5
Charlene Locksley,Monday,108450662,1
Cheryl Carson,Tuesday,76905547,2
Michael O'Leary,Thursday,130193802,4
Meander Smith,Saturday,53094397,6
Sheryl Hunter,Sunday,148514539,7
Johnson White,Wednesday,89036568,3
Dean Straight,Friday,176048824,5
Reginald Blotchet-Halls,Monday,103178571,1
Cheryl Carson,Saturday,69224918,6
Dirk Stringer,Friday,672023523,5
Sheryl Hunter,Friday,158669557,5
Johnson White,Friday,91757929,5
Sylvia Panteley,Sunday,95337213,7
Ann Dull,Saturday,37658782,6
Johnson White,Tuesday,100275590,2
Sheryl Hunter,Saturday,143802265,6
Anne Ringer,Tuesday,55417862,2
