customer,sale_date,seller
Cristina Xu,9/21/1992,Abraham Bennet
Jacob Martinez,9/21/1992,Michael O'Leary
Jared Gray,9/22/1992,Dirk Stringer
Kaitlyn Allen,9/21/1992,Dirk Stringer
Karen Huang,9/21/1992,Dirk Stringer
Krista Gill,9/22/1992,Marjorie Green
Kristen Li,9/21/1992,Michael O'Leary
Levi Gonzalez,9/21/1992,Marjorie Green
Mario Rai,9/21/1992,Abraham Bennet
Mya Coleman,9/24/1992,Michael O'Leary
Olivia Bennett,9/21/1992,Michael O'Leary
Richard Martinez,9/21/1992,Abraham Bennet
Samuel Sharma,9/22/1992,Michael O'Leary
Tyrone Ruiz,9/21/1992,Marjorie Green
Willie Gao,9/22/1992,Michael O'Leary
